,jaar,maand,brandstof_omschrijving,aantal,cum aantal
0,1950,apr,Benzine,1,1
1,1950,jul,Benzine,1,2
2,1951,jan,Benzine,6,8
3,1951,feb,Benzine,2,10
4,1951,mrt,Benzine,8,18
5,1951,apr,Benzine,6,24
6,1951,mei,Benzine,6,30
7,1951,jun,Benzine,10,40
8,1951,jul,Benzine,9,49
9,1951,aug,Benzine,5,54
10,1951,sep,Benzine,4,58
11,1951,okt,Benzine,4,62
12,1951,nov,Benzine,7,69
13,1951,dec,Benzine,2,71
14,1952,jan,Benzine,5,76
15,1952,feb,Benzine,7,83
16,1952,mrt,Benzine,13,96
17,1952,apr,Benzine,6,102
18,1952,mei,Benzine,10,112
19,1952,mei,Diesel,1,1
20,1952,jun,Benzine,8,120
21,1952,jul,Benzine,13,133
22,1952,aug,Benzine,7,140
23,1952,aug,Diesel,2,3
24,1952,aug,LPG,1,1
25,1952,sep,Benzine,10,150
26,1952,okt,Benzine,9,159
27,1952,okt,Diesel,7,10
28,1952,nov,Benzine,8,167
29,1952,nov,Diesel,1,11
30,1952,dec,Benzine,20,187
31,1953,jan,Benzine,17,204
32,1953,feb,Benzine,16,220
33,1953,mrt,Benzine,19,239
34,1953,mrt,Diesel,1,12
35,1953,apr,Benzine,20,259
36,1953,mei,Benzine,22,281
37,1953,jun,Benzine,20,301
38,1953,jun,Diesel,1,13
39,1953,jul,Benzine,15,316
40,1953,aug,Benzine,16,332
41,1953,sep,Benzine,12,344
42,1953,okt,Benzine,14,358
43,1953,okt,LPG,1,2
44,1953,nov,Benzine,24,382
45,1953,dec,Benzine,15,397
46,1954,jan,Benzine,14,411
47,1954,feb,Benzine,21,432
48,1954,mrt,Benzine,26,458
49,1954,mrt,Diesel,1,14
50,1954,apr,Benzine,30,488
51,1954,apr,Diesel,1,15
52,1954,mei,Benzine,20,508
53,1954,mei,Diesel,1,16
54,1954,jun,Benzine,31,539
55,1954,jun,LPG,1,3
56,1954,jul,Benzine,32,571
57,1954,aug,Benzine,15,586
58,1954,sep,Benzine,23,609
59,1954,sep,Diesel,1,17
60,1954,okt,Benzine,26,635
61,1954,okt,Diesel,2,19
62,1954,nov,Benzine,16,651
63,1954,dec,Benzine,18,669
64,1955,jan,Benzine,9,678
65,1955,feb,Benzine,19,697
66,1955,mrt,Benzine,29,726
67,1955,mrt,LPG,2,5
68,1955,apr,Benzine,37,763
69,1955,apr,LPG,1,6
70,1955,mei,Benzine,29,792
71,1955,mei,Diesel,1,20
72,1955,mei,LPG,1,7
73,1955,jun,Benzine,42,834
74,1955,jul,Benzine,33,867
75,1955,jul,Diesel,1,21
76,1955,jul,LPG,1,8
77,1955,aug,Benzine,24,891
78,1955,sep,Benzine,24,915
79,1955,sep,LPG,1,9
80,1955,okt,Benzine,23,938
81,1955,okt,Diesel,1,22
82,1955,nov,Benzine,21,959
83,1955,nov,LPG,1,10
84,1955,dec,Benzine,27,986
85,1956,jan,Benzine,36,1022
86,1956,feb,Benzine,39,1061
87,1956,mrt,Benzine,52,1113
88,1956,apr,Benzine,70,1183
89,1956,mei,Benzine,74,1257
90,1956,mei,Diesel,2,24
91,1956,jun,Benzine,62,1319
92,1956,jun,LPG,1,11
93,1956,jul,Benzine,69,1388
94,1956,jul,Diesel,1,25
95,1956,jul,LPG,1,12
96,1956,aug,Benzine,74,1462
97,1956,aug,Diesel,1,26
98,1956,sep,Benzine,49,1511
99,1956,okt,Benzine,52,1563
100,1956,okt,Diesel,1,27
101,1956,nov,Benzine,58,1621
102,1956,dec,Benzine,37,1658
103,1957,jan,Benzine,38,1696
104,1957,jan,Diesel,2,29
105,1957,feb,Benzine,22,1718
106,1957,mrt,Benzine,38,1756
107,1957,mrt,Diesel,1,30
108,1957,apr,Benzine,36,1792
109,1957,mei,Benzine,38,1830
110,1957,jun,Benzine,31,1861
111,1957,jun,Diesel,1,31
112,1957,jul,Benzine,22,1883
113,1957,jul,LPG,2,14
114,1957,aug,Benzine,33,1916
115,1957,aug,Diesel,1,32
116,1957,sep,Benzine,20,1936
117,1957,sep,LPG,2,16
118,1957,okt,Benzine,24,1960
119,1957,okt,LPG,1,17
120,1957,nov,Benzine,21,1981
121,1957,nov,Diesel,2,34
122,1957,dec,Benzine,15,1996
123,1957,dec,Diesel,1,35
124,1958,jan,Benzine,17,2013
125,1958,feb,Benzine,21,2034
126,1958,mrt,Benzine,25,2059
127,1958,mrt,Diesel,1,36
128,1958,apr,Benzine,20,2079
129,1958,apr,LPG,1,18
130,1958,mei,Benzine,29,2108
131,1958,mei,Diesel,1,37
132,1958,jun,Benzine,19,2127
133,1958,jun,Diesel,2,39
134,1958,jul,Benzine,29,2156
135,1958,aug,Benzine,16,2172
136,1958,sep,Benzine,24,2196
137,1958,sep,Diesel,1,40
138,1958,okt,Benzine,18,2214
139,1958,okt,Diesel,1,41
140,1958,nov,Benzine,20,2234
141,1958,nov,Diesel,1,42
142,1958,dec,Benzine,21,2255
143,1958,dec,Diesel,1,43
144,1959,jan,Benzine,16,2271
145,1959,feb,Benzine,14,2285
146,1959,mrt,Benzine,21,2306
147,1959,mrt,Diesel,1,44
148,1959,mrt,LPG,3,21
149,1959,apr,Benzine,29,2335
150,1959,apr,Diesel,1,45
151,1959,apr,LPG,1,22
152,1959,mei,Benzine,53,2388
153,1959,jun,Benzine,43,2431
154,1959,jul,Benzine,34,2465
155,1959,aug,Benzine,10,2475
156,1959,aug,Diesel,1,46
157,1959,sep,Benzine,23,2498
158,1959,sep,Diesel,1,47
159,1959,okt,Benzine,31,2529
160,1959,okt,Diesel,1,48
161,1959,okt,LPG,1,23
162,1959,nov,Benzine,20,2549
163,1959,nov,Diesel,1,49
164,1959,nov,LPG,2,25
165,1959,dec,Benzine,22,2571
166,1959,dec,LPG,2,27
167,1960,jan,Benzine,23,2594
168,1960,jan,Diesel,1,50
169,1960,feb,Benzine,34,2628
170,1960,feb,LPG,1,28
171,1960,mrt,Benzine,53,2681
172,1960,mrt,Diesel,2,52
173,1960,apr,Benzine,58,2739
174,1960,apr,LPG,1,29
175,1960,mei,Benzine,48,2787
176,1960,mei,Diesel,1,53
177,1960,mei,LPG,1,30
178,1960,jun,Benzine,51,2838
179,1960,jun,LPG,1,31
180,1960,jul,Benzine,36,2874
181,1960,aug,Benzine,31,2905
182,1960,aug,Elektriciteit,1,1
183,1960,aug,LPG,1,32
184,1960,sep,Benzine,27,2932
185,1960,sep,Diesel,2,55
186,1960,okt,Benzine,33,2965
187,1960,okt,Diesel,1,56
188,1960,nov,Benzine,22,2987
189,1960,dec,Benzine,27,3014
190,1961,jan,Benzine,30,3044
191,1961,feb,Benzine,42,3086
192,1961,mrt,Benzine,65,3151
193,1961,mrt,Diesel,2,58
194,1961,mrt,LPG,2,34
195,1961,apr,Benzine,41,3192
196,1961,apr,Diesel,1,59
197,1961,mei,Benzine,54,3246
198,1961,mei,Diesel,1,60
199,1961,jun,Benzine,42,3288
200,1961,jun,Diesel,2,62
201,1961,jun,LPG,3,37
202,1961,jul,Benzine,50,3338
203,1961,jul,Diesel,2,64
204,1961,aug,Benzine,36,3374
205,1961,aug,Diesel,1,65
206,1961,aug,LPG,1,38
207,1961,sep,Benzine,50,3424
208,1961,sep,Diesel,1,66
209,1961,sep,LPG,2,40
210,1961,okt,Benzine,41,3465
211,1961,okt,Diesel,2,68
212,1961,okt,LPG,2,42
213,1961,nov,Benzine,40,3505
214,1961,nov,Diesel,1,69
215,1961,nov,LPG,1,43
216,1961,dec,Benzine,30,3535
217,1962,jan,Benzine,46,3581
218,1962,jan,Diesel,3,72
219,1962,feb,Benzine,50,3631
220,1962,feb,Diesel,1,73
221,1962,feb,LPG,1,44
222,1962,mrt,Benzine,64,3695
223,1962,mrt,Diesel,1,74
224,1962,mrt,LPG,1,45
225,1962,apr,Benzine,62,3757
226,1962,apr,Diesel,1,75
227,1962,mei,Benzine,63,3820
228,1962,mei,Diesel,2,77
229,1962,mei,LPG,1,46
230,1962,jun,Benzine,62,3882
231,1962,jun,LPG,3,49
232,1962,jul,Benzine,68,3950
233,1962,jul,LPG,1,50
234,1962,aug,Benzine,47,3997
235,1962,aug,Diesel,4,81
236,1962,aug,LPG,1,51
237,1962,sep,Benzine,37,4034
238,1962,sep,Diesel,2,83
239,1962,sep,LPG,1,52
240,1962,okt,Benzine,43,4077
241,1962,okt,Diesel,1,84
242,1962,nov,Benzine,52,4129
243,1962,nov,Diesel,3,87
244,1962,nov,LPG,1,53
245,1962,dec,Benzine,24,4153
246,1962,dec,Diesel,1,88
247,1962,dec,LPG,1,54
248,1963,jan,Benzine,33,4186
249,1963,feb,Benzine,43,4229
250,1963,feb,LPG,1,55
251,1963,mrt,Benzine,81,4310
252,1963,mrt,Diesel,2,90
253,1963,mrt,LPG,2,57
254,1963,apr,Benzine,99,4409
255,1963,apr,LPG,2,59
256,1963,mei,Benzine,102,4511
257,1963,mei,Diesel,3,93
258,1963,mei,LPG,1,60
259,1963,jun,Benzine,91,4602
260,1963,jun,Diesel,1,94
261,1963,jun,LPG,5,65
262,1963,jul,Benzine,104,4706
263,1963,jul,Diesel,1,95
264,1963,jul,LPG,2,67
265,1963,aug,Benzine,49,4755
266,1963,aug,Diesel,1,96
267,1963,sep,Benzine,48,4803
268,1963,sep,Diesel,3,99
269,1963,okt,Benzine,70,4873
270,1963,okt,Diesel,1,100
271,1963,okt,LPG,1,68
272,1963,nov,Benzine,45,4918
273,1963,nov,LPG,2,70
274,1963,dec,Benzine,42,4960
275,1963,dec,Diesel,1,101
276,1963,dec,LPG,1,71
277,1964,jan,Benzine,71,5031
278,1964,jan,Diesel,1,102
279,1964,jan,LPG,1,72
280,1964,feb,Benzine,80,5111
281,1964,feb,Diesel,4,106
282,1964,feb,LPG,4,76
283,1964,mrt,Benzine,93,5204
284,1964,mrt,Diesel,2,108
285,1964,mrt,LPG,7,83
286,1964,apr,Benzine,109,5313
287,1964,apr,Diesel,2,110
288,1964,apr,LPG,4,87
289,1964,mei,Benzine,114,5427
290,1964,mei,Diesel,2,112
291,1964,mei,LPG,4,91
292,1964,jun,Benzine,127,5554
293,1964,jun,Diesel,2,114
294,1964,jun,LPG,6,97
295,1964,jul,Benzine,142,5696
296,1964,jul,Diesel,1,115
297,1964,jul,LPG,7,104
298,1964,aug,Benzine,80,5776
299,1964,aug,Diesel,2,117
300,1964,aug,LPG,3,107
301,1964,sep,Benzine,78,5854
302,1964,sep,Diesel,4,121
303,1964,sep,LPG,2,109
304,1964,okt,Benzine,84,5938
305,1964,okt,Diesel,3,124
306,1964,okt,LPG,3,112
307,1964,nov,Benzine,73,6011
308,1964,nov,Diesel,1,125
309,1964,nov,LPG,3,115
310,1964,dec,Benzine,57,6068
311,1964,dec,Diesel,2,127
312,1964,dec,LPG,8,123
313,1965,jan,Benzine,96,6164
314,1965,jan,LPG,5,128
315,1965,feb,Benzine,109,6273
316,1965,feb,Diesel,4,131
317,1965,feb,LPG,8,136
318,1965,mrt,Benzine,176,6449
319,1965,mrt,Diesel,5,136
320,1965,mrt,LPG,10,146
321,1965,apr,Benzine,167,6616
322,1965,apr,Diesel,3,139
323,1965,apr,LPG,8,154
324,1965,mei,Benzine,153,6769
325,1965,mei,Diesel,2,141
326,1965,mei,LPG,10,164
327,1965,jun,Benzine,169,6938
328,1965,jun,Diesel,4,145
329,1965,jun,LPG,8,172
330,1965,jul,Benzine,167,7105
331,1965,jul,Diesel,3,148
332,1965,jul,LPG,3,175
333,1965,aug,Benzine,108,7213
334,1965,aug,Diesel,3,151
335,1965,aug,LPG,5,180
336,1965,sep,Benzine,120,7333
337,1965,sep,Diesel,4,155
338,1965,sep,LPG,5,185
339,1965,okt,Benzine,136,7469
340,1965,okt,Diesel,2,157
341,1965,okt,LPG,10,195
342,1965,nov,Benzine,144,7613
343,1965,nov,Diesel,2,159
344,1965,nov,LPG,15,210
345,1965,dec,Benzine,311,7924
346,1965,dec,Diesel,3,162
347,1965,dec,LPG,17,227
348,1966,jan,Benzine,63,7987
349,1966,jan,LPG,6,233
350,1966,feb,Benzine,55,8042
351,1966,feb,Diesel,1,163
352,1966,feb,LPG,5,238
353,1966,mrt,Benzine,107,8149
354,1966,mrt,Diesel,1,164
355,1966,mrt,LPG,5,243
356,1966,apr,Benzine,157,8306
357,1966,apr,Diesel,3,167
358,1966,apr,LPG,6,249
359,1966,mei,Benzine,160,8466
360,1966,mei,Diesel,5,172
361,1966,mei,LPG,7,256
362,1966,jun,Benzine,189,8655
363,1966,jun,Diesel,3,175
364,1966,jun,LPG,15,271
365,1966,jul,Benzine,157,8812
366,1966,jul,Diesel,2,177
367,1966,jul,LPG,8,279
368,1966,aug,Benzine,119,8931
369,1966,aug,Diesel,5,182
370,1966,aug,LPG,4,283
371,1966,sep,Benzine,138,9069
372,1966,sep,Diesel,5,187
373,1966,sep,LPG,10,293
374,1966,okt,Benzine,109,9178
375,1966,okt,Diesel,4,191
376,1966,okt,LPG,4,297
377,1966,nov,Benzine,128,9306
378,1966,nov,Diesel,4,195
379,1966,nov,LPG,12,309
380,1966,dec,Benzine,107,9413
381,1966,dec,Diesel,4,199
382,1966,dec,LPG,13,322
383,1967,jan,Benzine,131,9544
384,1967,jan,Diesel,3,202
385,1967,jan,LPG,16,338
386,1967,feb,Benzine,150,9694
387,1967,feb,Diesel,7,209
388,1967,feb,LPG,14,352
389,1967,mrt,Benzine,266,9960
390,1967,mrt,Diesel,5,214
391,1967,mrt,LPG,17,369
392,1967,apr,Benzine,187,10147
393,1967,apr,Diesel,2,216
394,1967,apr,LPG,17,386
395,1967,mei,Benzine,231,10378
396,1967,mei,Diesel,1,217
397,1967,mei,LPG,19,405
398,1967,jun,Benzine,261,10639
399,1967,jun,Diesel,1,218
400,1967,jun,LPG,15,420
401,1967,jul,Benzine,175,10814
402,1967,jul,Diesel,2,220
403,1967,jul,LPG,12,432
404,1967,aug,Benzine,133,10947
405,1967,aug,Diesel,1,221
406,1967,aug,LPG,7,439
407,1967,sep,Benzine,144,11091
408,1967,sep,Diesel,6,227
409,1967,sep,LPG,23,462
410,1967,okt,Benzine,169,11260
411,1967,okt,Diesel,2,229
412,1967,okt,Elektriciteit,1,2
413,1967,okt,LPG,13,475
414,1967,nov,Benzine,157,11417
415,1967,nov,Diesel,3,232
416,1967,nov,LPG,9,484
417,1967,dec,Benzine,114,11531
418,1967,dec,Diesel,6,238
419,1967,dec,LPG,13,497
420,1968,jan,Benzine,179,11710
421,1968,jan,Diesel,9,247
422,1968,jan,LPG,11,508
423,1968,feb,Benzine,186,11896
424,1968,feb,Diesel,7,254
425,1968,feb,LPG,13,521
426,1968,mrt,Benzine,306,12202
427,1968,mrt,Diesel,6,260
428,1968,mrt,LPG,21,542
429,1968,apr,Benzine,312,12514
430,1968,apr,Diesel,3,263
431,1968,apr,LPG,27,569
432,1968,mei,Benzine,330,12844
433,1968,mei,Diesel,2,265
434,1968,mei,LPG,17,586
435,1968,jun,Benzine,275,13119
436,1968,jun,Diesel,2,267
437,1968,jun,LPG,15,601
438,1968,jul,Benzine,266,13385
439,1968,jul,Diesel,3,270
440,1968,jul,Elektriciteit,1,3
441,1968,jul,LPG,11,612
442,1968,aug,Benzine,173,13558
443,1968,aug,Diesel,4,274
444,1968,aug,LPG,4,616
445,1968,sep,Benzine,190,13748
446,1968,sep,Diesel,3,277
447,1968,sep,LPG,12,628
448,1968,okt,Benzine,253,14001
449,1968,okt,Diesel,2,279
450,1968,okt,Elektriciteit,1,4
451,1968,okt,LPG,17,645
452,1968,nov,Benzine,210,14211
453,1968,nov,Diesel,7,286
454,1968,nov,LPG,13,658
455,1968,dec,Benzine,189,14400
456,1968,dec,Diesel,5,291
457,1968,dec,LPG,9,667
458,1969,jan,Benzine,236,14636
459,1969,jan,Diesel,6,297
460,1969,jan,LPG,16,683
461,1969,feb,Benzine,178,14814
462,1969,feb,Diesel,4,301
463,1969,feb,LPG,6,689
464,1969,mrt,Benzine,342,15156
465,1969,mrt,Diesel,7,308
466,1969,mrt,LPG,17,706
467,1969,apr,Benzine,414,15570
468,1969,apr,Diesel,4,312
469,1969,apr,LPG,24,730
470,1969,mei,Benzine,378,15948
471,1969,mei,Diesel,4,316
472,1969,mei,LPG,21,751
473,1969,jun,Benzine,360,16308
474,1969,jun,Diesel,5,321
475,1969,jun,LPG,15,766
476,1969,jul,Benzine,301,16609
477,1969,jul,Diesel,5,326
478,1969,jul,LPG,13,779
479,1969,aug,Benzine,234,16843
480,1969,aug,Diesel,5,331
481,1969,aug,LPG,10,789
482,1969,sep,Benzine,207,17050
483,1969,sep,Diesel,3,334
484,1969,sep,LPG,11,800
485,1969,okt,Benzine,263,17313
486,1969,okt,Diesel,2,336
487,1969,okt,LPG,16,816
488,1969,nov,Benzine,198,17511
489,1969,nov,Diesel,2,338
490,1969,nov,LPG,7,823
491,1969,dec,Benzine,133,17644
492,1969,dec,Diesel,4,342
493,1969,dec,LPG,5,828
494,1970,jan,Benzine,231,17875
495,1970,jan,Diesel,5,347
496,1970,jan,LPG,12,840
497,1970,feb,Benzine,218,18093
498,1970,feb,Diesel,4,351
499,1970,feb,LPG,14,854
500,1970,mrt,Benzine,293,18386
501,1970,mrt,Diesel,8,359
502,1970,mrt,LPG,23,877
503,1970,apr,Benzine,391,18777
504,1970,apr,Diesel,3,362
505,1970,apr,LPG,18,895
506,1970,mei,Benzine,379,19156
507,1970,mei,Diesel,3,365
508,1970,mei,LPG,15,910
509,1970,jun,Benzine,398,19554
510,1970,jun,Diesel,6,371
511,1970,jun,LPG,20,930
512,1970,jul,Benzine,353,19907
513,1970,jul,Diesel,8,379
514,1970,jul,LPG,22,952
515,1970,aug,Benzine,269,20176
516,1970,aug,Diesel,4,383
517,1970,aug,Elektriciteit,1,5
518,1970,aug,LPG,12,964
519,1970,sep,Benzine,314,20490
520,1970,sep,Diesel,7,390
521,1970,sep,Elektriciteit,1,6
522,1970,sep,LPG,4,968
523,1970,okt,Benzine,342,20832
524,1970,okt,Diesel,6,396
525,1970,okt,LPG,16,984
526,1970,nov,Benzine,348,21180
527,1970,nov,Diesel,3,399
528,1970,nov,LPG,21,1005
529,1970,dec,Benzine,327,21507
530,1970,dec,Diesel,3,402
531,1970,dec,LPG,22,1027
532,1971,jan,Benzine,290,21797
533,1971,jan,Diesel,12,414
534,1971,jan,LPG,14,1041
535,1971,feb,Benzine,223,22020
536,1971,feb,Diesel,5,419
537,1971,feb,LPG,10,1051
538,1971,mrt,Benzine,403,22423
539,1971,mrt,Diesel,9,428
540,1971,mrt,LPG,32,1083
541,1971,apr,Benzine,497,22920
542,1971,apr,Diesel,6,434
543,1971,apr,LPG,24,1107
544,1971,mei,Benzine,443,23363
545,1971,mei,Diesel,9,443
546,1971,mei,LPG,27,1134
547,1971,jun,Benzine,451,23814
548,1971,jun,Diesel,13,456
549,1971,jun,Elektriciteit,1,7
550,1971,jun,LPG,22,1156
551,1971,jul,Benzine,328,24142
552,1971,jul,Diesel,7,463
553,1971,jul,LPG,19,1175
554,1971,aug,Benzine,319,24461
555,1971,aug,Diesel,11,474
556,1971,aug,LPG,12,1187
557,1971,sep,Benzine,333,24794
558,1971,sep,Diesel,10,484
559,1971,sep,LPG,18,1205
560,1971,okt,Benzine,356,25150
561,1971,okt,Diesel,8,492
562,1971,okt,LPG,27,1232
563,1971,nov,Benzine,301,25451
564,1971,nov,Diesel,1,493
565,1971,nov,LPG,13,1245
566,1971,dec,Benzine,229,25680
567,1971,dec,Diesel,7,500
568,1971,dec,Elektriciteit,1,8
569,1971,dec,LPG,4,1249
570,1972,jan,Benzine,422,26102
571,1972,jan,Diesel,17,517
572,1972,jan,LPG,21,1270
573,1972,feb,Benzine,370,26472
574,1972,feb,Diesel,13,530
575,1972,feb,LPG,21,1291
576,1972,mrt,Benzine,570,27042
577,1972,mrt,Diesel,11,541
578,1972,mrt,LPG,32,1323
579,1972,apr,Benzine,442,27484
580,1972,apr,Diesel,11,552
581,1972,apr,LPG,25,1348
582,1972,mei,Benzine,538,28022
583,1972,mei,Diesel,13,565
584,1972,mei,LPG,23,1371
585,1972,jun,Benzine,658,28680
586,1972,jun,Diesel,19,584
587,1972,jun,LPG,37,1408
588,1972,jul,Benzine,451,29131
589,1972,jul,Diesel,22,606
590,1972,jul,LPG,21,1429
591,1972,aug,Benzine,439,29570
592,1972,aug,Diesel,16,622
593,1972,aug,LPG,16,1445
594,1972,sep,Benzine,394,29964
595,1972,sep,Diesel,22,644
596,1972,sep,LPG,18,1463
597,1972,okt,Benzine,492,30456
598,1972,okt,Diesel,8,652
599,1972,okt,LPG,24,1487
600,1972,nov,Benzine,662,31118
601,1972,nov,Diesel,14,666
602,1972,nov,LPG,26,1513
603,1972,dec,Benzine,417,31535
604,1972,dec,Diesel,9,675
605,1972,dec,LPG,18,1531
606,1973,jan,Benzine,723,32258
607,1973,jan,Diesel,9,684
608,1973,jan,Elektriciteit,1,9
609,1973,jan,LPG,29,1560
610,1973,feb,Benzine,473,32731
611,1973,feb,Diesel,19,703
612,1973,feb,Elektriciteit,1,10
613,1973,feb,LPG,33,1593
614,1973,mrt,Benzine,704,33435
615,1973,mrt,Diesel,21,724
616,1973,mrt,LPG,32,1625
617,1973,apr,Benzine,696,34131
618,1973,apr,Diesel,11,735
619,1973,apr,LPG,34,1659
620,1973,mei,Benzine,732,34863
621,1973,mei,Diesel,10,745
622,1973,mei,LPG,43,1702
623,1973,jun,Benzine,672,35535
624,1973,jun,Diesel,30,775
625,1973,jun,LPG,35,1737
626,1973,jul,Benzine,543,36078
627,1973,jul,Diesel,19,794
628,1973,jul,Elektriciteit,1,11
629,1973,jul,LPG,38,1775
630,1973,aug,Benzine,486,36564
631,1973,aug,Diesel,11,805
632,1973,aug,LPG,24,1799
633,1973,sep,Benzine,432,36996
634,1973,sep,Diesel,12,817
635,1973,sep,LPG,34,1833
636,1973,okt,Benzine,652,37648
637,1973,okt,Diesel,12,829
638,1973,okt,LPG,32,1865
639,1973,nov,Benzine,390,38038
640,1973,nov,Diesel,16,845
641,1973,nov,Elektriciteit,1,12
642,1973,nov,LPG,20,1885
643,1973,dec,Benzine,214,38252
644,1973,dec,Diesel,6,851
645,1973,dec,LPG,21,1906
646,1974,jan,Benzine,385,38637
647,1974,jan,Diesel,20,871
648,1974,jan,LPG,23,1929
649,1974,feb,Benzine,350,38987
650,1974,feb,Diesel,19,890
651,1974,feb,LPG,19,1948
652,1974,mrt,Benzine,557,39544
653,1974,mrt,Diesel,22,912
654,1974,mrt,LPG,29,1977
655,1974,apr,Benzine,512,40056
656,1974,apr,Diesel,20,932
657,1974,apr,LPG,23,2000
658,1974,mei,Benzine,614,40670
659,1974,mei,Diesel,18,950
660,1974,mei,LPG,38,2038
661,1974,jun,Benzine,481,41151
662,1974,jun,Diesel,24,974
663,1974,jun,LPG,27,2065
664,1974,jul,Benzine,414,41565
665,1974,jul,Diesel,22,996
666,1974,jul,Elektriciteit,1,13
667,1974,jul,LPG,22,2087
668,1974,aug,Benzine,394,41959
669,1974,aug,Diesel,19,1015
670,1974,aug,LPG,13,2100
671,1974,sep,Benzine,337,42296
672,1974,sep,Diesel,14,1029
673,1974,sep,LPG,19,2119
674,1974,okt,Benzine,388,42684
675,1974,okt,Diesel,19,1048
676,1974,okt,LPG,17,2136
677,1974,nov,Benzine,400,43084
678,1974,nov,Diesel,23,1071
679,1974,nov,LPG,19,2155
680,1974,dec,Benzine,286,43370
681,1974,dec,Diesel,16,1087
682,1974,dec,LPG,16,2171
683,1975,jan,Benzine,564,43934
684,1975,jan,Diesel,35,1122
685,1975,jan,LPG,24,2195
686,1975,feb,Benzine,401,44335
687,1975,feb,Diesel,28,1150
688,1975,feb,Elektriciteit,1,14
689,1975,feb,LPG,18,2213
690,1975,mrt,Benzine,501,44836
691,1975,mrt,Diesel,30,1180
692,1975,mrt,LPG,10,2223
693,1975,apr,Benzine,573,45409
694,1975,apr,Diesel,17,1197
695,1975,apr,LPG,28,2251
696,1975,mei,Benzine,576,45985
697,1975,mei,Diesel,20,1217
698,1975,mei,LPG,21,2272
699,1975,jun,Benzine,522,46507
700,1975,jun,Diesel,29,1246
701,1975,jun,LPG,32,2304
702,1975,jul,Benzine,463,46970
703,1975,jul,Diesel,25,1271
704,1975,jul,LPG,20,2324
705,1975,aug,Benzine,366,47336
706,1975,aug,Diesel,20,1291
707,1975,aug,Elektriciteit,1,15
708,1975,aug,LPG,13,2337
709,1975,sep,Benzine,358,47694
710,1975,sep,Diesel,24,1315
711,1975,sep,LPG,15,2352
712,1975,okt,Benzine,401,48095
713,1975,okt,Diesel,30,1345
714,1975,okt,LPG,24,2376
715,1975,nov,Benzine,322,48417
716,1975,nov,Diesel,28,1373
717,1975,nov,LPG,19,2395
718,1975,dec,Benzine,208,48625
719,1975,dec,Diesel,19,1392
720,1975,dec,LPG,12,2407
721,1976,jan,Benzine,511,49136
722,1976,jan,Diesel,44,1436
723,1976,jan,LPG,20,2427
724,1976,feb,Benzine,362,49498
725,1976,feb,Diesel,17,1453
726,1976,feb,LPG,19,2446
727,1976,mrt,Benzine,401,49899
728,1976,mrt,Diesel,32,1485
729,1976,mrt,LPG,11,2457
730,1976,apr,Benzine,491,50390
731,1976,apr,Diesel,23,1508
732,1976,apr,LPG,16,2473
733,1976,mei,Benzine,394,50784
734,1976,mei,Diesel,23,1531
735,1976,mei,LPG,21,2494
736,1976,jun,Benzine,487,51271
737,1976,jun,Diesel,27,1558
738,1976,jun,LPG,26,2520
739,1976,jul,Benzine,364,51635
740,1976,jul,Diesel,16,1574
741,1976,jul,LPG,17,2537
742,1976,aug,Benzine,282,51917
743,1976,aug,Diesel,24,1598
744,1976,aug,LPG,15,2552
745,1976,sep,Benzine,415,52332
746,1976,sep,Diesel,32,1630
747,1976,sep,LPG,16,2568
748,1976,okt,Benzine,299,52631
749,1976,okt,Diesel,27,1657
750,1976,okt,Elektriciteit,1,16
751,1976,okt,LPG,16,2584
752,1976,nov,Benzine,275,52906
753,1976,nov,Diesel,31,1688
754,1976,nov,LPG,15,2599
755,1976,dec,Benzine,172,53078
756,1976,dec,Diesel,13,1701
757,1976,dec,LPG,13,2612
758,1977,jan,Benzine,445,53523
759,1977,jan,Diesel,48,1749
760,1977,jan,LPG,25,2637
761,1977,feb,Benzine,351,53874
762,1977,feb,Diesel,25,1774
763,1977,feb,LPG,21,2658
764,1977,mrt,Benzine,518,54392
765,1977,mrt,Diesel,37,1811
766,1977,mrt,LPG,24,2682
767,1977,apr,Benzine,569,54961
768,1977,apr,Diesel,45,1856
769,1977,apr,LPG,25,2707
770,1977,mei,Benzine,543,55504
771,1977,mei,Diesel,38,1894
772,1977,mei,LPG,26,2733
773,1977,jun,Benzine,647,56151
774,1977,jun,Diesel,40,1934
775,1977,jun,LPG,26,2759
776,1977,jul,Benzine,463,56614
777,1977,jul,Diesel,16,1950
778,1977,jul,LPG,23,2782
779,1977,aug,Benzine,487,57101
780,1977,aug,Diesel,23,1973
781,1977,aug,LPG,30,2812
782,1977,sep,Benzine,484,57585
783,1977,sep,Diesel,35,2008
784,1977,sep,LPG,15,2827
785,1977,okt,Benzine,431,58016
786,1977,okt,Diesel,34,2042
787,1977,okt,LPG,19,2846
788,1977,nov,Benzine,376,58392
789,1977,nov,Diesel,49,2091
790,1977,nov,LPG,22,2868
791,1977,dec,Benzine,219,58611
792,1977,dec,Diesel,17,2108
793,1977,dec,LPG,16,2884
794,1978,jan,Benzine,680,59291
795,1978,jan,Diesel,48,2156
796,1978,jan,Elektriciteit,1,17
797,1978,jan,LPG,35,2919
798,1978,feb,Benzine,476,59767
799,1978,feb,Diesel,29,2185
800,1978,feb,LPG,26,2945
801,1978,mrt,Benzine,687,60454
802,1978,mrt,Diesel,35,2220
803,1978,mrt,LPG,32,2977
804,1978,apr,Benzine,616,61070
805,1978,apr,Diesel,39,2259
806,1978,apr,LPG,37,3014
807,1978,mei,Benzine,629,61699
808,1978,mei,Diesel,44,2303
809,1978,mei,LPG,30,3044
810,1978,jun,Benzine,785,62484
811,1978,jun,Diesel,44,2347
812,1978,jun,LPG,40,3084
813,1978,jul,Benzine,578,63062
814,1978,jul,Diesel,42,2389
815,1978,jul,LPG,30,3114
816,1978,aug,Benzine,532,63594
817,1978,aug,Diesel,32,2421
818,1978,aug,Elektriciteit,1,18
819,1978,aug,LPG,18,3132
820,1978,sep,Benzine,457,64051
821,1978,sep,Diesel,35,2456
822,1978,sep,LPG,24,3156
823,1978,okt,Benzine,467,64518
824,1978,okt,Diesel,49,2505
825,1978,okt,LPG,24,3180
826,1978,nov,Benzine,391,64909
827,1978,nov,Diesel,43,2548
828,1978,nov,LPG,29,3209
829,1978,dec,Benzine,215,65124
830,1978,dec,Diesel,23,2571
831,1978,dec,LPG,18,3227
832,1979,jan,Benzine,632,65756
833,1979,jan,Diesel,51,2622
834,1979,jan,LPG,40,3267
835,1979,feb,Benzine,447,66203
836,1979,feb,Diesel,38,2660
837,1979,feb,LPG,30,3297
838,1979,mrt,Benzine,804,67007
839,1979,mrt,Diesel,60,2720
840,1979,mrt,LPG,35,3332
841,1979,apr,Benzine,768,67775
842,1979,apr,Diesel,50,2770
843,1979,apr,LPG,41,3373
844,1979,mei,Benzine,809,68584
845,1979,mei,Diesel,52,2822
846,1979,mei,LPG,38,3411
847,1979,jun,Benzine,647,69231
848,1979,jun,Diesel,51,2873
849,1979,jun,LPG,37,3448
850,1979,jul,Benzine,557,69788
851,1979,jul,Diesel,53,2926
852,1979,jul,LPG,32,3480
853,1979,aug,Benzine,480,70268
854,1979,aug,Diesel,46,2972
855,1979,aug,LPG,17,3497
856,1979,sep,Benzine,425,70693
857,1979,sep,Diesel,35,3007
858,1979,sep,LPG,14,3511
859,1979,okt,Benzine,445,71138
860,1979,okt,Diesel,41,3048
861,1979,okt,LPG,27,3538
862,1979,nov,Benzine,420,71558
863,1979,nov,Diesel,44,3092
864,1979,nov,LPG,24,3562
865,1979,dec,Benzine,215,71773
866,1979,dec,Diesel,22,3114
867,1979,dec,LPG,14,3576
868,1980,jan,Benzine,786,72559
869,1980,jan,Diesel,75,3189
870,1980,jan,LPG,41,3617
871,1980,feb,Benzine,402,72961
872,1980,feb,Diesel,38,3227
873,1980,feb,LPG,20,3637
874,1980,mrt,Benzine,416,73377
875,1980,mrt,Diesel,36,3263
876,1980,mrt,LPG,21,3658
877,1980,apr,Benzine,406,73783
878,1980,apr,Diesel,30,3293
879,1980,apr,LPG,12,3670
880,1980,mei,Benzine,464,74247
881,1980,mei,Diesel,40,3333
882,1980,mei,LPG,24,3694
883,1980,jun,Benzine,474,74721
884,1980,jun,Diesel,36,3369
885,1980,jun,LPG,23,3717
886,1980,jul,Benzine,413,75134
887,1980,jul,Diesel,35,3404
888,1980,jul,LPG,13,3730
889,1980,aug,Benzine,346,75480
890,1980,aug,Diesel,29,3433
891,1980,aug,LPG,10,3740
892,1980,sep,Benzine,334,75814
893,1980,sep,Diesel,38,3471
894,1980,sep,LPG,18,3758
895,1980,okt,Benzine,353,76167
896,1980,okt,Diesel,35,3506
897,1980,okt,LPG,22,3780
898,1980,nov,Benzine,242,76409
899,1980,nov,Diesel,35,3541
900,1980,nov,LPG,10,3790
901,1980,dec,Benzine,137,76546
902,1980,dec,Diesel,19,3560
903,1980,dec,LPG,14,3804
904,1981,jan,Benzine,523,77069
905,1981,jan,Diesel,55,3615
906,1981,jan,LPG,20,3824
907,1981,feb,Benzine,393,77462
908,1981,feb,Diesel,36,3651
909,1981,feb,LPG,13,3837
910,1981,mrt,Benzine,482,77944
911,1981,mrt,Diesel,51,3702
912,1981,mrt,LPG,18,3855
913,1981,apr,Benzine,491,78435
914,1981,apr,Diesel,41,3743
915,1981,apr,LPG,21,3876
916,1981,mei,Benzine,512,78947
917,1981,mei,Diesel,38,3781
918,1981,mei,LPG,17,3893
919,1981,jun,Benzine,550,79497
920,1981,jun,Diesel,56,3837
921,1981,jun,Elektriciteit,1,19
922,1981,jun,LPG,15,3908
923,1981,jul,Benzine,503,80000
924,1981,jul,Diesel,39,3876
925,1981,jul,LPG,19,3927
926,1981,aug,Benzine,361,80361
927,1981,aug,Diesel,32,3908
928,1981,aug,LPG,12,3939
929,1981,sep,Benzine,311,80672
930,1981,sep,Diesel,28,3936
931,1981,sep,LPG,12,3951
932,1981,okt,Benzine,356,81028
933,1981,okt,Diesel,44,3980
934,1981,okt,Elektriciteit,1,20
935,1981,okt,LPG,9,3960
936,1981,nov,Benzine,252,81280
937,1981,nov,Diesel,50,4030
938,1981,nov,LPG,4,3964
939,1981,dec,Benzine,126,81406
940,1981,dec,Diesel,15,4045
941,1981,dec,LPG,7,3971
942,1982,jan,Benzine,556,81962
943,1982,jan,Diesel,62,4107
944,1982,jan,LPG,12,3983
945,1982,feb,Benzine,400,82362
946,1982,feb,Diesel,51,4158
947,1982,feb,Elektriciteit,2,22
948,1982,feb,LPG,15,3998
949,1982,mrt,Benzine,769,83131
950,1982,mrt,Diesel,59,4217
951,1982,mrt,LPG,10,4008
952,1982,apr,Benzine,706,83837
953,1982,apr,Diesel,56,4273
954,1982,apr,LPG,16,4024
955,1982,mei,Benzine,613,84450
956,1982,mei,Diesel,42,4315
957,1982,mei,LPG,6,4030
958,1982,jun,Benzine,627,85077
959,1982,jun,Diesel,54,4369
960,1982,jun,LPG,7,4037
961,1982,jul,Benzine,552,85629
962,1982,jul,Diesel,53,4422
963,1982,jul,LPG,8,4045
964,1982,aug,Benzine,444,86073
965,1982,aug,Diesel,44,4466
966,1982,aug,LPG,9,4054
967,1982,sep,Benzine,494,86567
968,1982,sep,Diesel,71,4537
969,1982,sep,LPG,13,4067
970,1982,okt,Benzine,543,87110
971,1982,okt,Diesel,48,4585
972,1982,okt,LPG,2,4069
973,1982,nov,Benzine,487,87597
974,1982,nov,Diesel,46,4631
975,1982,nov,LPG,6,4075
976,1982,dec,Benzine,211,87808
977,1982,dec,Diesel,18,4649
978,1982,dec,LPG,9,4084
979,1983,jan,Benzine,938,88746
980,1983,jan,Diesel,100,4749
981,1983,jan,Elektriciteit,1,23
982,1983,jan,LPG,9,4093
983,1983,feb,Benzine,581,89327
984,1983,feb,Diesel,49,4798
985,1983,feb,LPG,8,4101
986,1983,mrt,Benzine,933,90260
987,1983,mrt,Diesel,71,4869
988,1983,mrt,LPG,7,4108
989,1983,apr,Benzine,833,91093
990,1983,apr,Diesel,79,4948
991,1983,apr,Elektriciteit,1,24
992,1983,apr,LPG,11,4119
993,1983,mei,Benzine,744,91837
994,1983,mei,Diesel,72,5020
995,1983,mei,LPG,12,4131
996,1983,mei,Waterstof,1,1
997,1983,jun,Benzine,924,92761
998,1983,jun,Diesel,71,5091
999,1983,jun,LPG,13,4144
1000,1983,jul,Benzine,697,93458
1001,1983,jul,Diesel,71,5162
1002,1983,jul,LPG,12,4156
1003,1983,aug,Benzine,643,94101
1004,1983,aug,Diesel,60,5222
1005,1983,aug,LPG,12,4168
1006,1983,sep,Benzine,665,94766
1007,1983,sep,Diesel,64,5286
1008,1983,sep,LPG,7,4175
1009,1983,okt,Benzine,750,95516
1010,1983,okt,Diesel,79,5365
1011,1983,okt,LPG,8,4183
1012,1983,nov,Benzine,489,96005
1013,1983,nov,Diesel,50,5415
1014,1983,nov,LPG,6,4189
1015,1983,dec,Benzine,234,96239
1016,1983,dec,Diesel,22,5437
1017,1983,dec,LPG,7,4196
1018,1984,jan,Benzine,1131,97370
1019,1984,jan,Diesel,96,5533
1020,1984,jan,LPG,16,4212
1021,1984,feb,Benzine,589,97959
1022,1984,feb,Diesel,76,5609
1023,1984,feb,LPG,15,4227
1024,1984,mrt,Benzine,761,98720
1025,1984,mrt,CNG,1,1
1026,1984,mrt,Diesel,66,5675
1027,1984,mrt,LPG,14,4241
1028,1984,apr,Benzine,732,99452
1029,1984,apr,Diesel,77,5752
1030,1984,apr,Elektriciteit,2,26
1031,1984,apr,LPG,17,4258
1032,1984,mei,Benzine,809,100261
1033,1984,mei,Diesel,96,5848
1034,1984,mei,LPG,15,4273
1035,1984,jun,Benzine,644,100905
1036,1984,jun,Diesel,72,5920
1037,1984,jun,LPG,8,4281
1038,1984,jul,Benzine,519,101424
1039,1984,jul,Diesel,54,5974
1040,1984,jul,LPG,5,4286
1041,1984,aug,Benzine,521,101945
1042,1984,aug,Diesel,62,6036
1043,1984,aug,LPG,10,4296
1044,1984,sep,Benzine,540,102485
1045,1984,sep,Diesel,67,6103
1046,1984,sep,LPG,10,4306
1047,1984,okt,Benzine,565,103050
1048,1984,okt,Diesel,77,6180
1049,1984,okt,Elektriciteit,1,27
1050,1984,okt,LPG,9,4315
1051,1984,nov,Benzine,423,103473
1052,1984,nov,Diesel,76,6256
1053,1984,nov,LPG,6,4321
1054,1984,dec,Benzine,171,103644
1055,1984,dec,Diesel,21,6277
1056,1984,dec,LPG,6,4327
1057,1985,jan,Benzine,775,104419
1058,1985,jan,Diesel,124,6401
1059,1985,jan,LPG,13,4340
1060,1985,feb,Benzine,534,104953
1061,1985,feb,Diesel,71,6472
1062,1985,feb,LPG,5,4345
1063,1985,mrt,Benzine,888,105841
1064,1985,mrt,Diesel,78,6550
1065,1985,mrt,LPG,10,4355
1066,1985,apr,Benzine,832,106673
1067,1985,apr,Diesel,84,6634
1068,1985,apr,LPG,6,4361
1069,1985,mei,Benzine,821,107494
1070,1985,mei,Diesel,93,6727
1071,1985,mei,LPG,14,4375
1072,1985,jun,Benzine,730,108224
1073,1985,jun,Diesel,81,6808
1074,1985,jun,Elektriciteit,1,28
1075,1985,jun,LPG,14,4389
1076,1985,jul,Benzine,739,108963
1077,1985,jul,Diesel,92,6900
1078,1985,jul,LPG,15,4404
1079,1985,aug,Benzine,557,109520
1080,1985,aug,Diesel,80,6980
1081,1985,aug,LPG,5,4409
1082,1985,sep,Benzine,505,110025
1083,1985,sep,Diesel,65,7045
1084,1985,sep,LPG,4,4413
1085,1985,okt,Benzine,629,110654
1086,1985,okt,Diesel,60,7105
1087,1985,okt,LPG,4,4417
1088,1985,nov,Benzine,514,111168
1089,1985,nov,Diesel,67,7172
1090,1985,nov,LPG,7,4424
1091,1985,dec,Benzine,239,111407
1092,1985,dec,Diesel,27,7199
1093,1985,dec,LPG,4,4428
1094,1986,jan,Benzine,1115,112522
1095,1986,jan,Diesel,138,7337
1096,1986,jan,LPG,17,4445
1097,1986,feb,Benzine,643,113165
1098,1986,feb,Diesel,86,7423
1099,1986,feb,LPG,8,4453
1100,1986,mrt,Benzine,968,114133
1101,1986,mrt,Diesel,99,7522
1102,1986,mrt,LPG,6,4459
1103,1986,apr,Benzine,1065,115198
1104,1986,apr,Diesel,102,7624
1105,1986,apr,LPG,7,4466
1106,1986,mei,Benzine,897,116095
1107,1986,mei,Diesel,93,7717
1108,1986,mei,LPG,12,4478
1109,1986,jun,Benzine,986,117081
1110,1986,jun,Diesel,119,7836
1111,1986,jun,Elektriciteit,1,29
1112,1986,jun,LPG,13,4491
1113,1986,jul,Benzine,821,117902
1114,1986,jul,Diesel,95,7931
1115,1986,jul,LPG,13,4504
1116,1986,aug,Benzine,739,118641
1117,1986,aug,Diesel,69,8000
1118,1986,aug,LPG,11,4515
1119,1986,sep,Benzine,1006,119647
1120,1986,sep,Diesel,87,8087
1121,1986,sep,LPG,10,4525
1122,1986,okt,Benzine,789,120436
1123,1986,okt,Diesel,99,8186
1124,1986,okt,LPG,9,4534
1125,1986,nov,Benzine,564,121000
1126,1986,nov,Diesel,60,8246
1127,1986,nov,LPG,15,4549
1128,1986,dec,Benzine,268,121268
1129,1986,dec,Diesel,33,8279
1130,1986,dec,LPG,15,4564
1131,1987,jan,Benzine,1239,122507
1132,1987,jan,Diesel,130,8409
1133,1987,jan,LPG,6,4570
1134,1987,feb,Benzine,625,123132
1135,1987,feb,Diesel,56,8465
1136,1987,feb,LPG,11,4581
1137,1987,mrt,Benzine,852,123984
1138,1987,mrt,Diesel,98,8563
1139,1987,mrt,LPG,10,4591
1140,1987,apr,Benzine,869,124853
1141,1987,apr,Diesel,105,8668
1142,1987,apr,LPG,8,4599
1143,1987,mei,Benzine,841,125694
1144,1987,mei,Diesel,99,8767
1145,1987,mei,LPG,13,4612
1146,1987,jun,Benzine,855,126549
1147,1987,jun,Diesel,103,8870
1148,1987,jun,LPG,7,4619
1149,1987,jul,Benzine,848,127397
1150,1987,jul,Diesel,75,8945
1151,1987,jul,LPG,7,4626
1152,1987,aug,Benzine,586,127983
1153,1987,aug,Diesel,73,9018
1154,1987,aug,LPG,9,4635
1155,1987,sep,Benzine,744,128727
1156,1987,sep,Diesel,86,9104
1157,1987,sep,LPG,12,4647
1158,1987,okt,Benzine,915,129642
1159,1987,okt,Diesel,57,9161
1160,1987,okt,Elektriciteit,1,30
1161,1987,okt,LPG,13,4660
1162,1987,nov,Benzine,533,130175
1163,1987,nov,Diesel,60,9221
1164,1987,nov,LPG,3,4663
1165,1987,dec,Benzine,339,130514
1166,1987,dec,Diesel,41,9262
1167,1987,dec,LPG,9,4672
1168,1988,jan,Benzine,1163,131677
1169,1988,jan,Diesel,141,9403
1170,1988,jan,LPG,7,4679
1171,1988,feb,Benzine,510,132187
1172,1988,feb,Diesel,59,9462
1173,1988,feb,LPG,5,4684
1174,1988,mrt,Benzine,769,132956
1175,1988,mrt,Diesel,103,9565
1176,1988,mrt,LPG,16,4700
1177,1988,apr,Benzine,739,133695
1178,1988,apr,Diesel,85,9650
1179,1988,apr,LPG,13,4713
1180,1988,mei,Benzine,730,134425
1181,1988,mei,Diesel,66,9716
1182,1988,mei,LPG,9,4722
1183,1988,jun,Benzine,795,135220
1184,1988,jun,CNG,1,2
1185,1988,jun,Diesel,117,9833
1186,1988,jun,LPG,15,4737
1187,1988,jul,Benzine,644,135864
1188,1988,jul,Diesel,82,9915
1189,1988,jul,LPG,14,4751
1190,1988,aug,Benzine,515,136379
1191,1988,aug,Diesel,46,9961
1192,1988,aug,LPG,18,4769
1193,1988,sep,Benzine,574,136953
1194,1988,sep,Diesel,54,10015
1195,1988,sep,LPG,15,4784
1196,1988,okt,Benzine,524,137477
1197,1988,okt,Diesel,57,10072
1198,1988,okt,LPG,12,4796
1199,1988,nov,Benzine,456,137933
1200,1988,nov,Diesel,43,10115
1201,1988,nov,LPG,4,4800
1202,1988,dec,Benzine,267,138200
1203,1988,dec,Diesel,16,10131
1204,1988,dec,LPG,16,4816
1205,1989,jan,Benzine,1017,139217
1206,1989,jan,Diesel,124,10255
1207,1989,jan,LPG,15,4831
1208,1989,feb,Benzine,616,139833
1209,1989,feb,Diesel,65,10320
1210,1989,feb,LPG,12,4843
1211,1989,mrt,Benzine,746,140579
1212,1989,mrt,Diesel,102,10422
1213,1989,mrt,LPG,9,4852
1214,1989,apr,Benzine,776,141355
1215,1989,apr,Diesel,116,10538
1216,1989,apr,LPG,22,4874
1217,1989,mei,Benzine,749,142104
1218,1989,mei,Diesel,101,10639
1219,1989,mei,LPG,14,4888
1220,1989,jun,Benzine,897,143001
1221,1989,jun,Diesel,107,10746
1222,1989,jun,LPG,18,4906
1223,1989,jul,Benzine,725,143726
1224,1989,jul,Diesel,89,10835
1225,1989,jul,LPG,15,4921
1226,1989,aug,Benzine,640,144366
1227,1989,aug,Diesel,74,10909
1228,1989,aug,LPG,11,4932
1229,1989,sep,Benzine,575,144941
1230,1989,sep,Diesel,53,10962
1231,1989,sep,LPG,10,4942
1232,1989,okt,Benzine,686,145627
1233,1989,okt,Diesel,77,11039
1234,1989,okt,LPG,6,4948
1235,1989,nov,Benzine,504,146131
1236,1989,nov,Diesel,37,11076
1237,1989,nov,LPG,10,4958
1238,1989,dec,Benzine,245,146376
1239,1989,dec,Diesel,24,11100
1240,1989,dec,LPG,6,4964
1241,1990,jan,Benzine,1209,147585
1242,1990,jan,Diesel,111,11211
1243,1990,jan,LPG,11,4975
1244,1990,feb,Benzine,603,148188
1245,1990,feb,Diesel,76,11287
1246,1990,feb,LPG,6,4981
1247,1990,mrt,Benzine,1058,149246
1248,1990,mrt,Diesel,100,11387
1249,1990,mrt,LPG,12,4993
1250,1990,apr,Benzine,992,150238
1251,1990,apr,Diesel,105,11492
1252,1990,apr,Elektriciteit,1,31
1253,1990,apr,LPG,13,5006
1254,1990,mei,Benzine,1008,151246
1255,1990,mei,Diesel,119,11611
1256,1990,mei,LPG,15,5021
1257,1990,jun,Benzine,1097,152343
1258,1990,jun,Diesel,111,11722
1259,1990,jun,LPG,17,5038
1260,1990,jul,Benzine,952,153295
1261,1990,jul,Diesel,96,11818
1262,1990,jul,LPG,16,5054
1263,1990,aug,Benzine,912,154207
1264,1990,aug,Diesel,65,11883
1265,1990,aug,Elektriciteit,1,32
1266,1990,aug,LPG,14,5068
1267,1990,sep,Benzine,738,154945
1268,1990,sep,Diesel,59,11942
1269,1990,sep,LPG,11,5079
1270,1990,okt,Benzine,817,155762
1271,1990,okt,Diesel,65,12007
1272,1990,okt,LPG,14,5093
1273,1990,nov,Benzine,665,156427
1274,1990,nov,Diesel,61,12068
1275,1990,nov,LPG,7,5100
1276,1990,dec,Benzine,301,156728
1277,1990,dec,Diesel,24,12092
1278,1990,dec,LPG,14,5114
1279,1991,jan,Benzine,1503,158231
1280,1991,jan,Diesel,121,12213
1281,1991,jan,Elektriciteit,1,33
1282,1991,jan,LPG,12,5126
1283,1991,feb,Benzine,791,159022
1284,1991,feb,Diesel,74,12287
1285,1991,feb,LPG,6,5132
1286,1991,mrt,Benzine,1201,160223
1287,1991,mrt,Diesel,124,12411
1288,1991,mrt,Elektriciteit,1,34
1289,1991,mrt,LPG,16,5148
1290,1991,apr,Benzine,1188,161411
1291,1991,apr,Diesel,106,12517
1292,1991,apr,LPG,17,5165
1293,1991,mei,Benzine,1329,162740
1294,1991,mei,Diesel,124,12641
1295,1991,mei,LPG,23,5188
1296,1991,jun,Benzine,1230,163970
1297,1991,jun,Diesel,115,12756
1298,1991,jun,LPG,30,5218
1299,1991,jul,Benzine,1202,165172
1300,1991,jul,Diesel,103,12859
1301,1991,jul,LPG,23,5241
1302,1991,aug,Benzine,941,166113
1303,1991,aug,Diesel,55,12914
1304,1991,aug,LPG,22,5263
1305,1991,sep,Benzine,884,166997
1306,1991,sep,Diesel,34,12948
1307,1991,sep,LPG,19,5282
1308,1991,okt,Benzine,962,167959
1309,1991,okt,Diesel,55,13003
1310,1991,okt,Elektriciteit,2,36
1311,1991,okt,LPG,7,5289
1312,1991,nov,Benzine,760,168719
1313,1991,nov,Diesel,40,13043
1314,1991,nov,LPG,12,5301
1315,1991,dec,Benzine,359,169078
1316,1991,dec,Diesel,18,13061
1317,1991,dec,LPG,13,5314
1318,1992,jan,Benzine,1884,170962
1319,1992,jan,Diesel,113,13174
1320,1992,jan,LPG,14,5328
1321,1992,feb,Benzine,931,171893
1322,1992,feb,Diesel,76,13250
1323,1992,feb,LPG,8,5336
1324,1992,mrt,Benzine,1149,173042
1325,1992,mrt,Diesel,143,13393
1326,1992,mrt,Elektriciteit,1,37
1327,1992,mrt,LPG,12,5348
1328,1992,apr,Benzine,1339,174381
1329,1992,apr,Diesel,153,13546
1330,1992,apr,LPG,13,5361
1331,1992,mei,Benzine,1265,175646
1332,1992,mei,Diesel,126,13672
1333,1992,mei,LPG,26,5387
1334,1992,jun,Benzine,1315,176961
1335,1992,jun,Diesel,98,13770
1336,1992,jun,LPG,23,5410
1337,1992,jul,Benzine,1252,178213
1338,1992,jul,Diesel,92,13862
1339,1992,jul,LPG,20,5430
1340,1992,aug,Benzine,963,179176
1341,1992,aug,Diesel,61,13923
1342,1992,aug,Elektriciteit,1,38
1343,1992,aug,LPG,24,5454
1344,1992,sep,Benzine,947,180123
1345,1992,sep,Diesel,59,13982
1346,1992,sep,Elektriciteit,1,39
1347,1992,sep,LPG,17,5471
1348,1992,okt,Benzine,1026,181149
1349,1992,okt,Diesel,47,14029
1350,1992,okt,LPG,21,5492
1351,1992,nov,Benzine,959,182108
1352,1992,nov,Diesel,59,14088
1353,1992,nov,LPG,21,5513
1354,1992,dec,Benzine,1131,183239
1355,1992,dec,Diesel,103,14191
1356,1992,dec,LPG,21,5534
1357,1993,jan,Benzine,1082,184321
1358,1993,jan,Diesel,71,14262
1359,1993,jan,LPG,19,5553
1360,1993,feb,Benzine,900,185221
1361,1993,feb,Diesel,59,14321
1362,1993,feb,Elektriciteit,1,40
1363,1993,feb,LPG,15,5568
1364,1993,mrt,Benzine,1435,186656
1365,1993,mrt,Diesel,74,14395
1366,1993,mrt,LPG,32,5600
1367,1993,apr,Benzine,1553,188209
1368,1993,apr,Diesel,127,14522
1369,1993,apr,LPG,29,5629
1370,1993,mei,Benzine,1510,189719
1371,1993,mei,Diesel,120,14642
1372,1993,mei,Elektriciteit,1,41
1373,1993,mei,LPG,18,5647
1374,1993,jun,Benzine,1794,191513
1375,1993,jun,Diesel,83,14725
1376,1993,jun,LPG,25,5672
1377,1993,jul,Benzine,1542,193055
1378,1993,jul,Diesel,69,14794
1379,1993,jul,Elektriciteit,1,42
1380,1993,jul,LPG,31,5703
1381,1993,aug,Benzine,1277,194332
1382,1993,aug,Diesel,54,14848
1383,1993,aug,Elektriciteit,1,43
1384,1993,aug,LPG,11,5714
1385,1993,sep,Benzine,1302,195634
1386,1993,sep,Diesel,51,14899
1387,1993,sep,LPG,24,5738
1388,1993,okt,Benzine,1354,196988
1389,1993,okt,Diesel,65,14964
1390,1993,okt,LPG,26,5764
1391,1993,nov,Benzine,1182,198170
1392,1993,nov,Diesel,47,15011
1393,1993,nov,Elektriciteit,1,44
1394,1993,nov,LPG,25,5789
1395,1993,dec,Benzine,774,198944
1396,1993,dec,Diesel,33,15044
1397,1993,dec,LPG,14,5803
1398,1994,jan,Benzine,1871,200815
1399,1994,jan,Diesel,117,15161
1400,1994,jan,LPG,21,5824
1401,1994,feb,Benzine,1240,202055
1402,1994,feb,Diesel,71,15232
1403,1994,feb,LPG,23,5847
1404,1994,mrt,Benzine,1753,203808
1405,1994,mrt,Diesel,110,15342
1406,1994,mrt,LPG,22,5869
1407,1994,apr,Benzine,1561,205369
1408,1994,apr,Diesel,131,15473
1409,1994,apr,LPG,17,5886
1410,1994,mei,Benzine,1689,207058
1411,1994,mei,Diesel,117,15590
1412,1994,mei,LPG,20,5906
1413,1994,jun,Benzine,1949,209007
1414,1994,jun,Diesel,129,15719
1415,1994,jun,Elektriciteit,1,45
1416,1994,jun,LPG,21,5927
1417,1994,jul,Benzine,1739,210746
1418,1994,jul,Diesel,95,15814
1419,1994,jul,LPG,30,5957
1420,1994,aug,Benzine,1351,212097
1421,1994,aug,Diesel,62,15876
1422,1994,aug,LPG,28,5985
1423,1994,sep,Benzine,1525,213622
1424,1994,sep,Diesel,72,15948
1425,1994,sep,LPG,34,6019
1426,1994,okt,Benzine,1484,215106
1427,1994,okt,Diesel,59,16007
1428,1994,okt,LPG,26,6045
1429,1994,nov,Benzine,1298,216404
1430,1994,nov,Diesel,70,16077
1431,1994,nov,Elektriciteit,2,47
1432,1994,nov,LPG,38,6083
1433,1994,dec,Benzine,842,217246
1434,1994,dec,Diesel,46,16123
1435,1994,dec,Elektriciteit,1,48
1436,1994,dec,LPG,41,6124
1437,1995,jan,Benzine,2422,219668
1438,1995,jan,Diesel,112,16235
1439,1995,jan,LPG,37,6161
1440,1995,feb,Benzine,1453,221121
1441,1995,feb,Diesel,83,16318
1442,1995,feb,LPG,32,6193
1443,1995,mrt,Benzine,2009,223130
1444,1995,mrt,Diesel,54,16372
1445,1995,mrt,LPG,41,6234
1446,1995,apr,Benzine,1780,224910
1447,1995,apr,Diesel,66,16438
1448,1995,apr,LPG,41,6275
1449,1995,mei,Benzine,2132,227042
1450,1995,mei,Diesel,98,16536
1451,1995,mei,LPG,52,6327
1452,1995,jun,Benzine,2357,229399
1453,1995,jun,Diesel,89,16625
1454,1995,jun,LPG,57,6384
1455,1995,jul,Benzine,2240,231639
1456,1995,jul,Diesel,73,16698
1457,1995,jul,LPG,87,6471
1458,1995,aug,Benzine,1849,233488
1459,1995,aug,Diesel,59,16757
1460,1995,aug,LPG,73,6544
1461,1995,sep,Benzine,1546,235034
1462,1995,sep,Diesel,71,16828
1463,1995,sep,LPG,48,6592
1464,1995,okt,Benzine,1935,236969
1465,1995,okt,Diesel,76,16904
1466,1995,okt,LPG,85,6677
1467,1995,nov,Benzine,1650,238619
1468,1995,nov,Diesel,51,16955
1469,1995,nov,LPG,80,6757
1470,1995,dec,Benzine,873,239492
1471,1995,dec,Diesel,35,16990
1472,1995,dec,LPG,70,6827
1473,1996,jan,Benzine,2951,242443
1474,1996,jan,Diesel,128,17118
1475,1996,jan,Elektriciteit,2,50
1476,1996,jan,LPG,89,6916
1477,1996,feb,Benzine,1973,244416
1478,1996,feb,Diesel,96,17214
1479,1996,feb,LPG,74,6990
1480,1996,mrt,Benzine,2570,246986
1481,1996,mrt,Diesel,105,17319
1482,1996,mrt,LPG,74,7064
1483,1996,apr,Benzine,2700,249686
1484,1996,apr,Diesel,105,17424
1485,1996,apr,LPG,68,7132
1486,1996,mei,Benzine,3125,252811
1487,1996,mei,Diesel,126,17550
1488,1996,mei,LPG,70,7202
1489,1996,jun,Benzine,3333,256144
1490,1996,jun,Diesel,102,17652
1491,1996,jun,Elektriciteit,1,51
1492,1996,jun,LPG,87,7289
1493,1996,jul,Benzine,2876,259020
1494,1996,jul,Diesel,116,17768
1495,1996,jul,Elektriciteit,2,53
1496,1996,jul,LPG,98,7387
1497,1996,aug,Benzine,2452,261472
1498,1996,aug,Diesel,106,17874
1499,1996,aug,Elektriciteit,1,54
1500,1996,aug,LPG,108,7495
1501,1996,sep,Benzine,2386,263858
1502,1996,sep,Diesel,115,17989
1503,1996,sep,LPG,92,7587
1504,1996,okt,Benzine,2494,266352
1505,1996,okt,Diesel,95,18084
1506,1996,okt,Elektriciteit,1,55
1507,1996,okt,LPG,95,7682
1508,1996,nov,Benzine,1949,268301
1509,1996,nov,Diesel,67,18151
1510,1996,nov,LPG,83,7765
1511,1996,dec,Benzine,1028,269329
1512,1996,dec,Diesel,37,18188
1513,1996,dec,LPG,70,7835
1514,1997,jan,Benzine,4213,273542
1515,1997,jan,Diesel,168,18356
1516,1997,jan,LPG,71,7906
1517,1997,feb,Benzine,2832,276374
1518,1997,feb,Diesel,110,18466
1519,1997,feb,LPG,62,7968
1520,1997,mrt,Benzine,3307,279681
1521,1997,mrt,Diesel,138,18604
1522,1997,mrt,LPG,76,8044
1523,1997,apr,Benzine,3547,283228
1524,1997,apr,Diesel,143,18747
1525,1997,apr,Elektriciteit,1,56
1526,1997,apr,LPG,70,8114
1527,1997,mei,Benzine,3488,286716
1528,1997,mei,Diesel,151,18898
1529,1997,mei,LPG,75,8189
1530,1997,jun,Benzine,3634,290350
1531,1997,jun,Diesel,138,19036
1532,1997,jun,LPG,98,8287
1533,1997,jul,Benzine,3588,293938
1534,1997,jul,CNG,1,3
1535,1997,jul,Diesel,159,19195
1536,1997,jul,LPG,97,8384
1537,1997,aug,Benzine,3057,296995
1538,1997,aug,Diesel,98,19293
1539,1997,aug,LPG,92,8476
1540,1997,sep,Benzine,2915,299910
1541,1997,sep,Diesel,133,19426
1542,1997,sep,LPG,90,8566
1543,1997,okt,Benzine,3091,303001
1544,1997,okt,Diesel,118,19544
1545,1997,okt,LPG,65,8631
1546,1997,nov,Benzine,2355,305356
1547,1997,nov,Diesel,93,19637
1548,1997,nov,LPG,76,8707
1549,1997,dec,Benzine,1258,306614
1550,1997,dec,Diesel,64,19701
1551,1997,dec,LPG,58,8765
1552,1998,jan,Benzine,5901,312515
1553,1998,jan,Diesel,236,19937
1554,1998,jan,LPG,62,8827
1555,1998,feb,Benzine,3644,316159
1556,1998,feb,Diesel,163,20100
1557,1998,feb,LPG,55,8882
1558,1998,mrt,Benzine,4549,320708
1559,1998,mrt,Diesel,193,20293
1560,1998,mrt,LPG,95,8977
1561,1998,apr,Benzine,4723,325431
1562,1998,apr,Diesel,199,20492
1563,1998,apr,LPG,57,9034
1564,1998,mei,Benzine,4930,330361
1565,1998,mei,Diesel,193,20685
1566,1998,mei,LPG,64,9098
1567,1998,jun,Benzine,4824,335185
1568,1998,jun,Diesel,209,20894
1569,1998,jun,LPG,65,9163
1570,1998,jul,Benzine,4761,339946
1571,1998,jul,Diesel,214,21108
1572,1998,jul,Elektriciteit,1,57
1573,1998,jul,LPG,80,9243
1574,1998,aug,Benzine,3377,343323
1575,1998,aug,Diesel,160,21268
1576,1998,aug,Elektriciteit,1,58
1577,1998,aug,LPG,81,9324
1578,1998,sep,Benzine,4167,347490
1579,1998,sep,Diesel,179,21447
1580,1998,sep,LPG,62,9386
1581,1998,okt,Benzine,4559,352049
1582,1998,okt,Diesel,215,21662
1583,1998,okt,LPG,77,9463
1584,1998,nov,Benzine,3535,355584
1585,1998,nov,Diesel,181,21843
1586,1998,nov,LPG,55,9518
1587,1998,dec,Benzine,1853,357437
1588,1998,dec,Diesel,61,21904
1589,1998,dec,LPG,69,9587
1590,1999,jan,Benzine,9028,366465
1591,1999,jan,CNG,1,4
1592,1999,jan,Diesel,352,22256
1593,1999,jan,LPG,43,9630
1594,1999,feb,Benzine,5505,371970
1595,1999,feb,Diesel,239,22495
1596,1999,feb,LPG,53,9683
1597,1999,mrt,Benzine,6956,378926
1598,1999,mrt,Diesel,302,22797
1599,1999,mrt,LPG,76,9759
1600,1999,apr,Benzine,7239,386165
1601,1999,apr,Diesel,257,23054
1602,1999,apr,LPG,80,9839
1603,1999,mei,Benzine,7129,393294
1604,1999,mei,Diesel,264,23318
1605,1999,mei,LPG,56,9895
1606,1999,jun,Benzine,7667,400961
1607,1999,jun,Diesel,280,23598
1608,1999,jun,LPG,124,10019
1609,1999,jul,Benzine,7077,408038
1610,1999,jul,Diesel,280,23878
1611,1999,jul,LPG,151,10170
1612,1999,aug,Benzine,5523,413561
1613,1999,aug,Diesel,220,24098
1614,1999,aug,Elektriciteit,2,60
1615,1999,aug,LPG,110,10280
1616,1999,sep,Benzine,6460,420021
1617,1999,sep,Diesel,263,24361
1618,1999,sep,LPG,110,10390
1619,1999,okt,Benzine,6002,426023
1620,1999,okt,Diesel,268,24629
1621,1999,okt,Elektriciteit,1,61
1622,1999,okt,LPG,136,10526
1623,1999,nov,Benzine,5126,431149
1624,1999,nov,Diesel,230,24859
1625,1999,nov,LPG,118,10644
1626,1999,dec,Benzine,1967,433116
1627,1999,dec,Diesel,99,24958
1628,1999,dec,LPG,125,10769
1629,2000,jan,Benzine,12502,445618
1630,2000,jan,Diesel,503,25461
1631,2000,jan,Elektriciteit,1,62
1632,2000,jan,LPG,109,10878
1633,2000,feb,Benzine,8429,454047
1634,2000,feb,CNG,1,5
1635,2000,feb,Diesel,361,25822
1636,2000,feb,Elektriciteit,1,63
1637,2000,feb,LPG,92,10970
1638,2000,mrt,Benzine,10554,464601
1639,2000,mrt,Diesel,434,26256
1640,2000,mrt,Elektriciteit,1,64
1641,2000,mrt,LPG,116,11086
1642,2000,apr,Benzine,8439,473040
1643,2000,apr,Diesel,508,26764
1644,2000,apr,LPG,85,11171
1645,2000,mei,Benzine,9839,482879
1646,2000,mei,Diesel,457,27221
1647,2000,mei,Elektriciteit,1,65
1648,2000,mei,LPG,101,11272
1649,2000,jun,Benzine,8781,491660
1650,2000,jun,Diesel,343,27564
1651,2000,jun,Elektriciteit,1,66
1652,2000,jun,LPG,73,11345
1653,2000,jul,Benzine,8157,499817
1654,2000,jul,Diesel,274,27838
1655,2000,jul,Elektriciteit,1,67
1656,2000,jul,LPG,111,11456
1657,2000,aug,Benzine,8613,508430
1658,2000,aug,Diesel,272,28110
1659,2000,aug,Elektriciteit,1,68
1660,2000,aug,LPG,83,11539
1661,2000,sep,Benzine,8500,516930
1662,2000,sep,Diesel,275,28385
1663,2000,sep,LPG,68,11607
1664,2000,okt,Benzine,8519,525449
1665,2000,okt,CNG,1,6
1666,2000,okt,Diesel,262,28647
1667,2000,okt,LPG,77,11684
1668,2000,nov,Benzine,7928,533377
1669,2000,nov,Diesel,242,28889
1670,2000,nov,LPG,85,11769
1671,2000,dec,Benzine,4045,537422
1672,2000,dec,Diesel,144,29033
1673,2000,dec,LPG,59,11828
1674,2001,jan,Benzine,14619,552041
1675,2001,jan,Diesel,520,29553
1676,2001,jan,LPG,55,11883
1677,2001,feb,Benzine,8984,561025
1678,2001,feb,Diesel,315,29868
1679,2001,feb,LPG,51,11934
1680,2001,mrt,Benzine,12766,573791
1681,2001,mrt,Diesel,408,30276
1682,2001,mrt,Elektriciteit,1,69
1683,2001,mrt,LPG,52,11986
1684,2001,apr,Benzine,9861,583652
1685,2001,apr,Diesel,396,30672
1686,2001,apr,LPG,56,12042
1687,2001,mei,Benzine,11333,594985
1688,2001,mei,Diesel,448,31120
1689,2001,mei,Elektriciteit,1,70
1690,2001,mei,LPG,68,12110
1691,2001,jun,Benzine,11030,606015
1692,2001,jun,Diesel,472,31592
1693,2001,jun,LPG,61,12171
1694,2001,jul,Benzine,10569,616584
1695,2001,jul,Diesel,401,31993
1696,2001,jul,LPG,53,12224
1697,2001,aug,Benzine,9875,626459
1698,2001,aug,Diesel,372,32365
1699,2001,aug,Elektriciteit,1,71
1700,2001,aug,LPG,50,12274
1701,2001,sep,Benzine,9613,636072
1702,2001,sep,Diesel,356,32721
1703,2001,sep,Elektriciteit,1,72
1704,2001,sep,LPG,54,12328
1705,2001,okt,Benzine,10505,646577
1706,2001,okt,Diesel,358,33079
1707,2001,okt,LPG,66,12394
1708,2001,nov,Benzine,9362,655939
1709,2001,nov,Diesel,340,33419
1710,2001,nov,LPG,49,12443
1711,2001,dec,Benzine,2816,658755
1712,2001,dec,Diesel,130,33549
1713,2001,dec,Elektriciteit,1,73
1714,2001,dec,LPG,61,12504
1715,2002,jan,Benzine,18278,677033
1716,2002,jan,Diesel,751,34300
1717,2002,jan,Elektriciteit,1,74
1718,2002,jan,LPG,62,12566
1719,2002,feb,Benzine,11465,688498
1720,2002,feb,Diesel,446,34746
1721,2002,feb,LPG,82,12648
1722,2002,mrt,Benzine,13391,701889
1723,2002,mrt,CNG,1,7
1724,2002,mrt,Diesel,562,35308
1725,2002,mrt,LPG,68,12716
1726,2002,apr,Benzine,12316,714205
1727,2002,apr,Diesel,523,35831
1728,2002,apr,Elektriciteit,2,76
1729,2002,apr,LPG,53,12769
1730,2002,mei,Benzine,13725,727930
1731,2002,mei,Diesel,531,36362
1732,2002,mei,LPG,58,12827
1733,2002,jun,Benzine,14079,742009
1734,2002,jun,Diesel,491,36853
1735,2002,jun,Elektriciteit,1,77
1736,2002,jun,LPG,54,12881
1737,2002,jul,Benzine,12771,754780
1738,2002,jul,Diesel,505,37358
1739,2002,jul,LPG,72,12953
1740,2002,aug,Benzine,11956,766736
1741,2002,aug,Diesel,463,37821
1742,2002,aug,Elektriciteit,1,78
1743,2002,aug,LPG,63,13016
1744,2002,sep,Benzine,13078,779814
1745,2002,sep,Diesel,450,38271
1746,2002,sep,LPG,60,13076
1747,2002,okt,Benzine,14242,794056
1748,2002,okt,Diesel,538,38809
1749,2002,okt,Elektriciteit,1,79
1750,2002,okt,LPG,77,13153
1751,2002,nov,Benzine,12860,806916
1752,2002,nov,CNG,1,8
1753,2002,nov,Diesel,460,39269
1754,2002,nov,Elektriciteit,1,80
1755,2002,nov,LPG,65,13218
1756,2002,dec,Benzine,9052,815968
1757,2002,dec,Diesel,152,39421
1758,2002,dec,LPG,50,13268
1759,2003,jan,Benzine,22706,838674
1760,2003,jan,Diesel,1141,40562
1761,2003,jan,LPG,61,13329
1762,2003,feb,Benzine,13163,851837
1763,2003,feb,Diesel,641,41203
1764,2003,feb,LPG,49,13378
1765,2003,mrt,Benzine,16485,868322
1766,2003,mrt,Diesel,724,41927
1767,2003,mrt,LPG,63,13441
1768,2003,apr,Benzine,15270,883592
1769,2003,apr,Diesel,773,42700
1770,2003,apr,LPG,70,13511
1771,2003,mei,Benzine,17595,901187
1772,2003,mei,Diesel,839,43539
1773,2003,mei,LPG,52,13563
1774,2003,jun,Benzine,19860,921047
1775,2003,jun,Diesel,745,44284
1776,2003,jun,LPG,55,13618
1777,2003,jul,Benzine,16955,938002
1778,2003,jul,Diesel,717,45001
1779,2003,jul,LPG,58,13676
1780,2003,aug,Benzine,15242,953244
1781,2003,aug,Diesel,608,45609
1782,2003,aug,LPG,50,13726
1783,2003,sep,Benzine,17142,970386
1784,2003,sep,Diesel,675,46284
1785,2003,sep,Elektriciteit,1,81
1786,2003,sep,LPG,53,13779
1787,2003,okt,Benzine,15262,985648
1788,2003,okt,CNG,1,9
1789,2003,okt,Diesel,735,47019
1790,2003,okt,LPG,62,13841
1791,2003,nov,Benzine,12835,998483
1792,2003,nov,Diesel,501,47520
1793,2003,nov,LPG,47,13888
1794,2003,dec,Benzine,5632,1004115
1795,2003,dec,Diesel,168,47688
1796,2003,dec,LPG,50,13938
1797,2004,jan,Benzine,30017,1034132
1798,2004,jan,Diesel,1504,49192
1799,2004,jan,Elektriciteit,1,82
1800,2004,jan,LPG,52,13990
1801,2004,feb,Benzine,17074,1051206
1802,2004,feb,Diesel,827,50019
1803,2004,feb,LPG,45,14035
1804,2004,mrt,Benzine,21736,1072942
1805,2004,mrt,Diesel,978,50997
1806,2004,mrt,Elektriciteit,2,84
1807,2004,mrt,LPG,44,14079
1808,2004,apr,Alcohol,1,1
1809,2004,apr,Benzine,19362,1092304
1810,2004,apr,Diesel,997,51994
1811,2004,apr,LPG,46,14125
1812,2004,mei,Benzine,17815,1110119
1813,2004,mei,CNG,2,11
1814,2004,mei,Diesel,897,52891
1815,2004,mei,LPG,50,14175
1816,2004,jun,Benzine,23074,1133193
1817,2004,jun,Diesel,1137,54028
1818,2004,jun,LPG,55,14230
1819,2004,jul,Benzine,18451,1151644
1820,2004,jul,Diesel,1027,55055
1821,2004,jul,LPG,72,14302
1822,2004,aug,Benzine,15327,1166971
1823,2004,aug,CNG,1,12
1824,2004,aug,Diesel,674,55729
1825,2004,aug,Elektriciteit,1,85
1826,2004,aug,LPG,52,14354
1827,2004,sep,Benzine,18884,1185855
1828,2004,sep,Diesel,920,56649
1829,2004,sep,Elektriciteit,1,86
1830,2004,sep,LPG,62,14416
1831,2004,okt,Benzine,17458,1203313
1832,2004,okt,Diesel,1027,57676
1833,2004,okt,LPG,56,14472
1834,2004,nov,Benzine,15643,1218956
1835,2004,nov,Diesel,866,58542
1836,2004,nov,LPG,66,14538
1837,2004,dec,Benzine,8038,1226994
1838,2004,dec,Diesel,287,58829
1839,2004,dec,Elektriciteit,1,87
1840,2004,dec,LPG,76,14614
1841,2005,jan,Benzine,33027,1260021
1842,2005,jan,CNG,1,13
1843,2005,jan,Diesel,2018,60847
1844,2005,jan,Elektriciteit,1,88
1845,2005,jan,LPG,68,14682
1846,2005,feb,Benzine,16564,1276585
1847,2005,feb,Diesel,1037,61884
1848,2005,feb,LPG,57,14739
1849,2005,mrt,Benzine,23011,1299596
1850,2005,mrt,CNG,1,14
1851,2005,mrt,Diesel,1332,63216
1852,2005,mrt,Elektriciteit,1,89
1853,2005,mrt,LPG,57,14796
1854,2005,apr,Benzine,20784,1320380
1855,2005,apr,Diesel,1379,64595
1856,2005,apr,LPG,87,14883
1857,2005,mei,Benzine,18808,1339188
1858,2005,mei,Diesel,1159,65754
1859,2005,mei,Elektriciteit,1,90
1860,2005,mei,LPG,59,14942
1861,2005,jun,Benzine,23262,1362450
1862,2005,jun,Diesel,1443,67197
1863,2005,jun,LPG,89,15031
1864,2005,jul,Benzine,19685,1382135
1865,2005,jul,Diesel,1111,68308
1866,2005,jul,LPG,77,15108
1867,2005,aug,Benzine,17835,1399970
1868,2005,aug,Diesel,910,69218
1869,2005,aug,LPG,60,15168
1870,2005,sep,Benzine,23043,1423013
1871,2005,sep,Diesel,1161,70379
1872,2005,sep,LPG,69,15237
1873,2005,okt,Benzine,17544,1440557
1874,2005,okt,Diesel,1128,71507
1875,2005,okt,LPG,72,15309
1876,2005,nov,Benzine,17389,1457946
1877,2005,nov,Diesel,1033,72540
1878,2005,nov,LPG,72,15381
1879,2005,dec,Benzine,6059,1464005
1880,2005,dec,CNG,1,15
1881,2005,dec,Diesel,354,72894
1882,2005,dec,LPG,64,15445
1883,2006,jan,Benzine,36813,1500818
1884,2006,jan,CNG,1,16
1885,2006,jan,Diesel,2791,75685
1886,2006,jan,LPG,65,15510
1887,2006,feb,Benzine,21975,1522793
1888,2006,feb,Diesel,1617,77302
1889,2006,feb,LPG,69,15579
1890,2006,mrt,Benzine,29585,1552378
1891,2006,mrt,CNG,1,17
1892,2006,mrt,Diesel,1938,79240
1893,2006,mrt,LPG,70,15649
1894,2006,apr,Benzine,21040,1573418
1895,2006,apr,Diesel,1692,80932
1896,2006,apr,LPG,72,15721
1897,2006,mei,Benzine,23991,1597409
1898,2006,mei,Diesel,1779,82711
1899,2006,mei,Elektriciteit,2,92
1900,2006,mei,LPG,105,15826
1901,2006,mei,Waterstof,1,2
1902,2006,jun,Benzine,29122,1626531
1903,2006,jun,CNG,1,18
1904,2006,jun,Diesel,2050,84761
1905,2006,jun,LPG,92,15918
1906,2006,jul,Benzine,21563,1648094
1907,2006,jul,Diesel,1720,86481
1908,2006,jul,LPG,70,15988
1909,2006,aug,Benzine,20231,1668325
1910,2006,aug,CNG,1,19
1911,2006,aug,Diesel,1616,88097
1912,2006,aug,LPG,88,16076
1913,2006,sep,Benzine,23620,1691945
1914,2006,sep,Diesel,1796,89893
1915,2006,sep,Elektriciteit,1,93
1916,2006,sep,LPG,90,16166
1917,2006,okt,Benzine,21424,1713369
1918,2006,okt,Diesel,1586,91479
1919,2006,okt,LPG,71,16237
1920,2006,nov,Benzine,20266,1733635
1921,2006,nov,Diesel,1118,92597
1922,2006,nov,Elektriciteit,1,94
1923,2006,nov,LPG,68,16305
1924,2006,dec,Benzine,10013,1743648
1925,2006,dec,Diesel,432,93029
1926,2006,dec,LPG,56,16361
1927,2007,jan,Benzine,39454,1783102
1928,2007,jan,CNG,2,21
1929,2007,jan,Diesel,2693,95722
1930,2007,jan,Elektriciteit,1,95
1931,2007,jan,LPG,65,16426
1932,2007,feb,Benzine,24011,1807113
1933,2007,feb,Diesel,1686,97408
1934,2007,feb,LPG,79,16505
1935,2007,mrt,Benzine,31263,1838376
1936,2007,mrt,CNG,2,23
1937,2007,mrt,Diesel,2051,99459
1938,2007,mrt,LPG,87,16592
1939,2007,apr,Alcohol,3,4
1940,2007,apr,Benzine,23437,1861813
1941,2007,apr,CNG,1,24
1942,2007,apr,Diesel,1830,101289
1943,2007,apr,LPG,71,16663
1944,2007,mei,Alcohol,5,9
1945,2007,mei,Benzine,25048,1886861
1946,2007,mei,Diesel,1991,103280
1947,2007,mei,LPG,94,16757
1948,2007,jun,Alcohol,11,20
1949,2007,jun,Benzine,32440,1919301
1950,2007,jun,CNG,1,25
1951,2007,jun,Diesel,2197,105477
1952,2007,jun,LPG,75,16832
1953,2007,jul,Alcohol,3,23
1954,2007,jul,Benzine,23277,1942578
1955,2007,jul,CNG,3,28
1956,2007,jul,Diesel,2004,107481
1957,2007,jul,Elektriciteit,1,96
1958,2007,jul,LPG,86,16918
1959,2007,aug,Alcohol,2,25
1960,2007,aug,Benzine,25519,1968097
1961,2007,aug,CNG,2,30
1962,2007,aug,Diesel,1854,109335
1963,2007,aug,Elektriciteit,1,97
1964,2007,aug,LPG,82,17000
1965,2007,sep,Alcohol,5,30
1966,2007,sep,Benzine,25254,1993351
1967,2007,sep,CNG,8,38
1968,2007,sep,Diesel,1763,111098
1969,2007,sep,Elektriciteit,1,98
1970,2007,sep,LPG,82,17082
1971,2007,okt,Alcohol,5,35
1972,2007,okt,Benzine,24194,2017545
1973,2007,okt,CNG,3,41
1974,2007,okt,Diesel,2010,113108
1975,2007,okt,LPG,71,17153
1976,2007,nov,Benzine,21979,2039524
1977,2007,nov,CNG,7,48
1978,2007,nov,Diesel,1686,114794
1979,2007,nov,LPG,100,17253
1980,2007,dec,Alcohol,2,37
1981,2007,dec,Benzine,7678,2047202
1982,2007,dec,CNG,2,50
1983,2007,dec,Diesel,592,115386
1984,2007,dec,LPG,55,17308
1985,2008,jan,Alcohol,27,64
1986,2008,jan,Benzine,38982,2086184
1987,2008,jan,CNG,3,53
1988,2008,jan,Diesel,3815,119201
1989,2008,jan,LPG,85,17393
1990,2008,feb,Alcohol,28,92
1991,2008,feb,Benzine,32062,2118246
1992,2008,feb,CNG,10,63
1993,2008,feb,Diesel,2730,121931
1994,2008,feb,LPG,70,17463
1995,2008,mrt,Alcohol,32,124
1996,2008,mrt,Benzine,30726,2148972
1997,2008,mrt,CNG,12,75
1998,2008,mrt,Diesel,2509,124440
1999,2008,mrt,Elektriciteit,1,99
2000,2008,mrt,LPG,96,17559
2001,2008,apr,Alcohol,11,135
2002,2008,apr,Benzine,27550,2176522
2003,2008,apr,CNG,7,82
2004,2008,apr,Diesel,2393,126833
2005,2008,apr,Elektriciteit,1,100
2006,2008,apr,LPG,94,17653
2007,2008,mei,Alcohol,16,151
2008,2008,mei,Benzine,30768,2207290
2009,2008,mei,CNG,6,88
2010,2008,mei,Diesel,2192,129025
2011,2008,mei,Elektriciteit,3,103
2012,2008,mei,LPG,90,17743
2013,2008,jun,Alcohol,8,159
2014,2008,jun,Benzine,32331,2239621
2015,2008,jun,CNG,5,93
2016,2008,jun,Diesel,2257,131282
2017,2008,jun,LPG,83,17826
2018,2008,jul,Alcohol,16,175
2019,2008,jul,Benzine,26039,2265660
2020,2008,jul,CNG,7,100
2021,2008,jul,Diesel,2150,133432
2022,2008,jul,Elektriciteit,1,104
2023,2008,jul,LPG,95,17921
2024,2008,aug,Alcohol,9,184
2025,2008,aug,Benzine,26678,2292338
2026,2008,aug,CNG,1,101
2027,2008,aug,Diesel,1827,135259
2028,2008,aug,LPG,88,18009
2029,2008,sep,Alcohol,26,210
2030,2008,sep,Benzine,26902,2319240
2031,2008,sep,CNG,5,106
2032,2008,sep,Diesel,1993,137252
2033,2008,sep,LPG,85,18094
2034,2008,okt,Alcohol,9,219
2035,2008,okt,Benzine,25934,2345174
2036,2008,okt,CNG,4,110
2037,2008,okt,Diesel,2068,139320
2038,2008,okt,Elektriciteit,1,105
2039,2008,okt,LPG,102,18196
2040,2008,nov,Alcohol,9,228
2041,2008,nov,Benzine,19392,2364566
2042,2008,nov,CNG,2,112
2043,2008,nov,Diesel,1513,140833
2044,2008,nov,LPG,68,18264
2045,2008,dec,Alcohol,3,231
2046,2008,dec,Benzine,7033,2371599
2047,2008,dec,CNG,4,116
2048,2008,dec,Diesel,572,141405
2049,2008,dec,Elektriciteit,1,106
2050,2008,dec,LPG,64,18328
2051,2009,jan,Alcohol,15,246
2052,2009,jan,Benzine,36078,2407677
2053,2009,jan,CNG,10,126
2054,2009,jan,Diesel,3356,144761
2055,2009,jan,LPG,69,18397
2056,2009,feb,Alcohol,14,260
2057,2009,feb,Benzine,22742,2430419
2058,2009,feb,CNG,8,134
2059,2009,feb,Diesel,2036,146797
2060,2009,feb,LPG,51,18448
2061,2009,mrt,Alcohol,7,267
2062,2009,mrt,Benzine,24335,2454754
2063,2009,mrt,CNG,20,154
2064,2009,mrt,Diesel,1894,148691
2065,2009,mrt,Elektriciteit,3,109
2066,2009,mrt,LPG,75,18523
2067,2009,apr,Alcohol,79,346
2068,2009,apr,Benzine,21117,2475871
2069,2009,apr,CNG,9,163
2070,2009,apr,Diesel,1973,150664
2071,2009,apr,Elektriciteit,5,114
2072,2009,apr,LPG,64,18587
2073,2009,mei,Alcohol,90,436
2074,2009,mei,Benzine,21868,2497739
2075,2009,mei,CNG,7,170
2076,2009,mei,Diesel,2078,152742
2077,2009,mei,Elektriciteit,5,119
2078,2009,mei,LPG,65,18652
2079,2009,jun,Alcohol,101,537
2080,2009,jun,Benzine,26100,2523839
2081,2009,jun,CNG,7,177
2082,2009,jun,Diesel,2248,154990
2083,2009,jun,Elektriciteit,1,120
2084,2009,jun,LPG,82,18734
2085,2009,jul,Alcohol,457,994
2086,2009,jul,Benzine,24534,2548373
2087,2009,jul,CNG,14,191
2088,2009,jul,Diesel,2207,157197
2089,2009,jul,Elektriciteit,1,121
2090,2009,jul,LPG,91,18825
2091,2009,aug,Alcohol,90,1084
2092,2009,aug,Benzine,21424,2569797
2093,2009,aug,CNG,4,195
2094,2009,aug,Diesel,1579,158776
2095,2009,aug,Elektriciteit,1,122
2096,2009,aug,LPG,57,18882
2097,2009,sep,Alcohol,68,1152
2098,2009,sep,Benzine,26408,2596205
2099,2009,sep,CNG,7,202
2100,2009,sep,Diesel,1915,160691
2101,2009,sep,Elektriciteit,2,124
2102,2009,sep,LPG,76,18958
2103,2009,okt,Alcohol,21,1173
2104,2009,okt,Benzine,27469,2623674
2105,2009,okt,CNG,6,208
2106,2009,okt,Diesel,2181,162872
2107,2009,okt,Elektriciteit,3,127
2108,2009,okt,LPG,80,19038
2109,2009,nov,Alcohol,8,1181
2110,2009,nov,Benzine,22899,2646573
2111,2009,nov,CNG,7,215
2112,2009,nov,Diesel,1649,164521
2113,2009,nov,Elektriciteit,9,136
2114,2009,nov,LPG,65,19103
2115,2009,dec,Alcohol,1,1182
2116,2009,dec,Benzine,9184,2655757
2117,2009,dec,CNG,3,218
2118,2009,dec,Diesel,826,165347
2119,2009,dec,Elektriciteit,14,150
2120,2009,dec,LNG,1,1
2121,2009,dec,LPG,76,19179
2122,2010,jan,Alcohol,20,1202
2123,2010,jan,Benzine,47490,2703247
2124,2010,jan,CNG,22,240
2125,2010,jan,Diesel,3474,168821
2126,2010,jan,Elektriciteit,4,154
2127,2010,jan,LPG,67,19246
2128,2010,feb,Alcohol,15,1217
2129,2010,feb,Benzine,30397,2733644
2130,2010,feb,CNG,10,250
2131,2010,feb,Diesel,2210,171031
2132,2010,feb,Elektriciteit,8,162
2133,2010,feb,LPG,85,19331
2134,2010,mrt,Alcohol,13,1230
2135,2010,mrt,Benzine,37924,2771568
2136,2010,mrt,CNG,17,267
2137,2010,mrt,Diesel,2489,173520
2138,2010,mrt,Elektriciteit,14,176
2139,2010,mrt,LPG,123,19454
2140,2010,apr,Alcohol,6,1236
2141,2010,apr,Benzine,31286,2802854
2142,2010,apr,CNG,12,279
2143,2010,apr,Diesel,2674,176194
2144,2010,apr,Elektriciteit,8,184
2145,2010,apr,LPG,107,19561
2146,2010,mei,Alcohol,7,1243
2147,2010,mei,Benzine,30169,2833023
2148,2010,mei,CNG,10,289
2149,2010,mei,Diesel,2669,178863
2150,2010,mei,Elektriciteit,4,188
2151,2010,mei,LPG,80,19641
2152,2010,jun,Alcohol,10,1253
2153,2010,jun,Benzine,41772,2874795
2154,2010,jun,CNG,17,306
2155,2010,jun,Diesel,3552,182415
2156,2010,jun,Elektriciteit,3,191
2157,2010,jun,LPG,123,19764
2158,2010,jul,Alcohol,4,1257
2159,2010,jul,Benzine,30018,2904813
2160,2010,jul,CNG,15,321
2161,2010,jul,Diesel,3702,186117
2162,2010,jul,Elektriciteit,4,195
2163,2010,jul,LPG,92,19856
2164,2010,aug,Alcohol,3,1260
2165,2010,aug,Benzine,28187,2933000
2166,2010,aug,CNG,12,333
2167,2010,aug,Diesel,3825,189942
2168,2010,aug,Elektriciteit,2,197
2169,2010,aug,LPG,258,20114
2170,2010,sep,Alcohol,15,1275
2171,2010,sep,Benzine,34144,2967144
2172,2010,sep,CNG,10,343
2173,2010,sep,Diesel,4686,194628
2174,2010,sep,Elektriciteit,2,199
2175,2010,sep,LPG,558,20672
2176,2010,okt,Alcohol,27,1302
2177,2010,okt,Benzine,29922,2997066
2178,2010,okt,CNG,9,352
2179,2010,okt,Diesel,5858,200486
2180,2010,okt,Elektriciteit,4,203
2181,2010,okt,LPG,560,21232
2182,2010,nov,Alcohol,8,1310
2183,2010,nov,Benzine,25786,3022852
2184,2010,nov,CNG,35,387
2185,2010,nov,Diesel,5243,205729
2186,2010,nov,Elektriciteit,10,213
2187,2010,nov,LPG,347,21579
2188,2010,dec,Alcohol,1,1311
2189,2010,dec,Benzine,10021,3032873
2190,2010,dec,CNG,6,393
2191,2010,dec,Diesel,2047,207776
2192,2010,dec,Elektriciteit,4,217
2193,2010,dec,LPG,131,21710
2194,2011,jan,Alcohol,20,1331
2195,2011,jan,Benzine,51749,3084622
2196,2011,jan,CNG,29,422
2197,2011,jan,Diesel,9330,217106
2198,2011,jan,Elektriciteit,22,239
2199,2011,jan,LPG,592,22302
2200,2011,feb,Alcohol,25,1356
2201,2011,feb,Benzine,35930,3120552
2202,2011,feb,CNG,17,439
2203,2011,feb,Diesel,5972,223078
2204,2011,feb,Elektriciteit,10,249
2205,2011,feb,LPG,110,22412
2206,2011,mrt,Alcohol,39,1395
2207,2011,mrt,Benzine,39954,3160506
2208,2011,mrt,CNG,9,448
2209,2011,mrt,Diesel,7938,231016
2210,2011,mrt,Elektriciteit,25,274
2211,2011,mrt,LPG,275,22687
2212,2011,apr,Alcohol,64,1459
2213,2011,apr,Benzine,32399,3192905
2214,2011,apr,CNG,10,458
2215,2011,apr,Diesel,7043,238059
2216,2011,apr,Elektriciteit,34,308
2217,2011,apr,LPG,345,23032
2218,2011,mei,Alcohol,63,1522
2219,2011,mei,Benzine,33945,3226850
2220,2011,mei,CNG,14,472
2221,2011,mei,Diesel,7517,245576
2222,2011,mei,Elektriciteit,28,336
2223,2011,mei,LPG,363,23395
2224,2011,jun,Alcohol,80,1602
2225,2011,jun,Benzine,35924,3262774
2226,2011,jun,CNG,14,486
2227,2011,jun,Diesel,6748,252324
2228,2011,jun,Elektriciteit,14,350
2229,2011,jun,LPG,376,23771
2230,2011,jul,Alcohol,95,1697
2231,2011,jul,Benzine,28786,3291560
2232,2011,jul,CNG,57,543
2233,2011,jul,Diesel,6272,258596
2234,2011,jul,Elektriciteit,13,363
2235,2011,jul,LPG,397,24168
2236,2011,aug,Alcohol,53,1750
2237,2011,aug,Benzine,27257,3318817
2238,2011,aug,CNG,18,561
2239,2011,aug,Diesel,5396,263992
2240,2011,aug,Elektriciteit,28,391
2241,2011,aug,LPG,473,24641
2242,2011,sep,Alcohol,77,1827
2243,2011,sep,Benzine,31608,3350425
2244,2011,sep,CNG,14,575
2245,2011,sep,Diesel,5599,269591
2246,2011,sep,Elektriciteit,41,432
2247,2011,sep,LPG,753,25394
2248,2011,okt,Alcohol,43,1870
2249,2011,okt,Benzine,29303,3379728
2250,2011,okt,CNG,17,592
2251,2011,okt,Diesel,6121,275712
2252,2011,okt,Elektriciteit,26,458
2253,2011,okt,LPG,670,26064
2254,2011,nov,Alcohol,108,1978
2255,2011,nov,Benzine,28304,3408032
2256,2011,nov,CNG,19,611
2257,2011,nov,Diesel,5505,281217
2258,2011,nov,Elektriciteit,29,487
2259,2011,nov,LPG,990,27054
2260,2011,dec,Alcohol,23,2001
2261,2011,dec,Benzine,14946,3422978
2262,2011,dec,CNG,4,615
2263,2011,dec,Diesel,2195,283412
2264,2011,dec,Elektriciteit,14,501
2265,2011,dec,LPG,996,28050
2266,2012,jan,Alcohol,161,2162
2267,2012,jan,Benzine,45995,3468973
2268,2012,jan,CNG,48,663
2269,2012,jan,Diesel,9619,293031
2270,2012,jan,Elektriciteit,32,533
2271,2012,jan,LPG,949,28999
2272,2012,feb,Alcohol,43,2205
2273,2012,feb,Benzine,31468,3500441
2274,2012,feb,CNG,18,681
2275,2012,feb,Diesel,5811,298842
2276,2012,feb,Elektriciteit,17,550
2277,2012,feb,LPG,585,29584
2278,2012,mrt,Alcohol,29,2234
2279,2012,mrt,Benzine,38477,3538918
2280,2012,mrt,CNG,74,755
2281,2012,mrt,Diesel,6595,305437
2282,2012,mrt,Elektriciteit,19,569
2283,2012,mrt,LPG,846,30430
2284,2012,apr,Alcohol,27,2261
2285,2012,apr,Benzine,29194,3568112
2286,2012,apr,CNG,24,779
2287,2012,apr,Diesel,5736,311173
2288,2012,apr,Elektriciteit,11,580
2289,2012,apr,LPG,457,30887
2290,2012,mei,Alcohol,30,2291
2291,2012,mei,Benzine,31865,3599977
2292,2012,mei,CNG,19,798
2293,2012,mei,Diesel,7164,318337
2294,2012,mei,Elektriciteit,18,598
2295,2012,mei,LPG,681,31568
2296,2012,jun,Alcohol,17,2308
2297,2012,jun,Benzine,48295,3648272
2298,2012,jun,CNG,22,820
2299,2012,jun,Diesel,11145,329482
2300,2012,jun,Elektriciteit,38,636
2301,2012,jun,LPG,2777,34345
2302,2012,jul,Alcohol,12,2320
2303,2012,jul,Benzine,22380,3670652
2304,2012,jul,CNG,17,837
2305,2012,jul,Diesel,4940,334422
2306,2012,jul,Elektriciteit,11,647
2307,2012,jul,LPG,276,34621
2308,2012,aug,Alcohol,23,2343
2309,2012,aug,Benzine,26203,3696855
2310,2012,aug,CNG,69,906
2311,2012,aug,Diesel,3939,338361
2312,2012,aug,Elektriciteit,18,665
2313,2012,aug,LPG,242,34863
2314,2012,sep,Alcohol,5,2348
2315,2012,sep,Benzine,23829,3720684
2316,2012,sep,CNG,11,917
2317,2012,sep,Diesel,4313,342674
2318,2012,sep,Elektriciteit,23,688
2319,2012,sep,LPG,183,35046
2320,2012,okt,Alcohol,7,2355
2321,2012,okt,Benzine,18007,3738691
2322,2012,okt,CNG,10,927
2323,2012,okt,Diesel,4551,347225
2324,2012,okt,Elektriciteit,24,712
2325,2012,okt,LPG,230,35276
2326,2012,nov,Alcohol,5,2360
2327,2012,nov,Benzine,20413,3759104
2328,2012,nov,CNG,30,957
2329,2012,nov,Diesel,5055,352280
2330,2012,nov,Elektriciteit,21,733
2331,2012,nov,LPG,234,35510
2332,2012,dec,Alcohol,5,2365
2333,2012,dec,Benzine,12751,3771855
2334,2012,dec,CNG,90,1047
2335,2012,dec,Diesel,3615,355895
2336,2012,dec,Elektriciteit,13,746
2337,2012,dec,LPG,254,35764
2338,2013,jan,Alcohol,8,2373
2339,2013,jan,Benzine,38421,3810276
2340,2013,jan,CNG,46,1093
2341,2013,jan,Diesel,5525,361420
2342,2013,jan,Elektriciteit,22,768
2343,2013,jan,LPG,394,36158
2344,2013,feb,Alcohol,6,2379
2345,2013,feb,Benzine,26640,3836916
2346,2013,feb,CNG,36,1129
2347,2013,feb,Diesel,3868,365288
2348,2013,feb,Elektriciteit,16,784
2349,2013,feb,LPG,456,36614
2350,2013,mrt,Alcohol,3,2382
2351,2013,mrt,Benzine,28011,3864927
2352,2013,mrt,CNG,33,1162
2353,2013,mrt,Diesel,5463,370751
2354,2013,mrt,Elektriciteit,39,823
2355,2013,mrt,LPG,158,36772
2356,2013,apr,Alcohol,3,2385
2357,2013,apr,Benzine,24091,3889018
2358,2013,apr,CNG,21,1183
2359,2013,apr,Diesel,5220,375971
2360,2013,apr,Elektriciteit,16,839
2361,2013,apr,LPG,43,36815
2362,2013,mei,Alcohol,2,2387
2363,2013,mei,Benzine,24827,3913845
2364,2013,mei,CNG,31,1214
2365,2013,mei,Diesel,4907,380878
2366,2013,mei,Elektriciteit,56,895
2367,2013,mei,LPG,47,36862
2368,2013,jun,Alcohol,1,2388
2369,2013,jun,Benzine,28658,3942503
2370,2013,jun,CNG,30,1244
2371,2013,jun,Diesel,5526,386404
2372,2013,jun,Elektriciteit,72,967
2373,2013,jun,LPG,64,36926
2374,2013,jul,Benzine,24105,3966608
2375,2013,jul,CNG,17,1261
2376,2013,jul,Diesel,6038,392442
2377,2013,jul,Elektriciteit,45,1012
2378,2013,jul,LPG,34,36960
2379,2013,aug,Alcohol,4,2392
2380,2013,aug,Benzine,23236,3989844
2381,2013,aug,CNG,16,1277
2382,2013,aug,Diesel,4884,397326
2383,2013,aug,Elektriciteit,68,1080
2384,2013,aug,LPG,32,36992
2385,2013,sep,Alcohol,3,2395
2386,2013,sep,Benzine,25192,4015036
2387,2013,sep,CNG,36,1313
2388,2013,sep,Diesel,5319,402645
2389,2013,sep,Elektriciteit,148,1228
2390,2013,sep,LPG,89,37081
2391,2013,okt,Alcohol,5,2400
2392,2013,okt,Benzine,27307,4042343
2393,2013,okt,CNG,27,1340
2394,2013,okt,Diesel,6733,409378
2395,2013,okt,Elektriciteit,114,1342
2396,2013,okt,LPG,90,37171
2397,2013,nov,Alcohol,3,2403
2398,2013,nov,Benzine,30395,4072738
2399,2013,nov,CNG,32,1372
2400,2013,nov,Diesel,6842,416220
2401,2013,nov,Elektriciteit,336,1678
2402,2013,nov,LPG,193,37364
2403,2013,dec,Benzine,24601,4097339
2404,2013,dec,CNG,22,1394
2405,2013,dec,Diesel,7927,424147
2406,2013,dec,Elektriciteit,800,2478
2407,2013,dec,LPG,96,37460
2408,2014,jan,Alcohol,2,2405
2409,2014,jan,Benzine,38379,4135718
2410,2014,jan,CNG,42,1436
2411,2014,jan,Diesel,6174,430321
2412,2014,jan,Elektriciteit,21,2499
2413,2014,jan,LPG,50,37510
2414,2014,feb,Alcohol,3,2408
2415,2014,feb,Benzine,30360,4166078
2416,2014,feb,CNG,43,1479
2417,2014,feb,Diesel,4770,435091
2418,2014,feb,Elektriciteit,39,2538
2419,2014,feb,LPG,64,37574
2420,2014,mrt,Alcohol,2,2410
2421,2014,mrt,Benzine,25049,4191127
2422,2014,mrt,CNG,133,1612
2423,2014,mrt,Diesel,4987,440078
2424,2014,mrt,Elektriciteit,259,2797
2425,2014,mrt,LPG,158,37732
2426,2014,apr,Alcohol,4,2414
2427,2014,apr,Benzine,24547,4215674
2428,2014,apr,CNG,191,1803
2429,2014,apr,Diesel,5000,445078
2430,2014,apr,Elektriciteit,84,2881
2431,2014,apr,LPG,132,37864
2432,2014,mei,Alcohol,4,2418
2433,2014,mei,Benzine,26595,4242269
2434,2014,mei,CNG,204,2007
2435,2014,mei,Diesel,5569,450647
2436,2014,mei,Elektriciteit,112,2993
2437,2014,mei,LPG,73,37937
2438,2014,jun,Alcohol,3,2421
2439,2014,jun,Benzine,27158,4269427
2440,2014,jun,CNG,185,2192
2441,2014,jun,Diesel,5685,456332
2442,2014,jun,Elektriciteit,164,3157
2443,2014,jun,LPG,134,38071
2444,2014,jul,Alcohol,4,2425
2445,2014,jul,Benzine,24597,4294024
2446,2014,jul,CNG,252,2444
2447,2014,jul,Diesel,6225,462557
2448,2014,jul,Elektriciteit,77,3234
2449,2014,jul,LPG,71,38142
2450,2014,aug,Alcohol,3,2428
2451,2014,aug,Benzine,21945,4315969
2452,2014,aug,CNG,147,2591
2453,2014,aug,Diesel,5086,467643
2454,2014,aug,Elektriciteit,85,3319
2455,2014,aug,LPG,48,38190
2456,2014,sep,Alcohol,3,2431
2457,2014,sep,Benzine,25693,4341662
2458,2014,sep,CNG,186,2777
2459,2014,sep,Diesel,5564,473207
2460,2014,sep,Elektriciteit,185,3504
2461,2014,sep,LPG,60,38250
2462,2014,sep,Waterstof,2,4
2463,2014,okt,Alcohol,2,2433
2464,2014,okt,Benzine,29086,4370748
2465,2014,okt,CNG,215,2992
2466,2014,okt,Diesel,6905,480112
2467,2014,okt,Elektriciteit,80,3584
2468,2014,okt,LPG,56,38306
2469,2014,nov,Alcohol,5,2438
2470,2014,nov,Benzine,26650,4397398
2471,2014,nov,CNG,158,3150
2472,2014,nov,Diesel,6376,486488
2473,2014,nov,Elektriciteit,114,3698
2474,2014,nov,LPG,45,38351
2475,2014,dec,Alcohol,5,2443
2476,2014,dec,Benzine,24115,4421513
2477,2014,dec,CNG,628,3778
2478,2014,dec,Diesel,8575,495063
2479,2014,dec,Elektriciteit,423,4121
2480,2014,dec,LPG,21,38372
2481,2015,jan,Alcohol,6,2449
2482,2015,jan,Benzine,42843,4464356
2483,2015,jan,CNG,111,3889
2484,2015,jan,Diesel,6846,501909
2485,2015,jan,Elektriciteit,230,4351
2486,2015,jan,LPG,31,38403
2487,2015,jan,Waterstof,1,5
2488,2015,feb,Alcohol,6,2455
2489,2015,feb,Benzine,32589,4496945
2490,2015,feb,CNG,30,3919
2491,2015,feb,Diesel,4388,506297
2492,2015,feb,Elektriciteit,81,4432
2493,2015,feb,LPG,32,38435
2494,2015,mrt,Alcohol,4,2459
2495,2015,mrt,Benzine,26695,4523640
2496,2015,mrt,CNG,40,3959
2497,2015,mrt,Diesel,5282,511579
2498,2015,mrt,Elektriciteit,227,4659
2499,2015,mrt,LPG,15,38450
2500,2015,mrt,Waterstof,3,8
2501,2015,apr,Alcohol,3,2462
2502,2015,apr,Benzine,25948,4549588
2503,2015,apr,CNG,36,3995
2504,2015,apr,Diesel,5217,516796
2505,2015,apr,Elektriciteit,104,4763
2506,2015,apr,LPG,21,38471
2507,2015,mei,Alcohol,1,2463
2508,2015,mei,Benzine,26093,4575681
2509,2015,mei,CNG,40,4035
2510,2015,mei,Diesel,5230,522026
2511,2015,mei,Elektriciteit,120,4883
2512,2015,mei,LPG,34,38505
2513,2015,jun,Alcohol,9,2472
2514,2015,jun,Benzine,32965,4608646
2515,2015,jun,CNG,60,4095
2516,2015,jun,Diesel,6744,528770
2517,2015,jun,Elektriciteit,231,5114
2518,2015,jun,LPG,27,38532
2519,2015,jun,Waterstof,1,9
2520,2015,jul,Alcohol,9,2481
2521,2015,jul,Benzine,30591,4639237
2522,2015,jul,CNG,49,4144
2523,2015,jul,Diesel,6773,535543
2524,2015,jul,Elektriciteit,141,5255
2525,2015,jul,LPG,36,38568
2526,2015,aug,Alcohol,5,2486
2527,2015,aug,Benzine,26740,4665977
2528,2015,aug,CNG,48,4192
2529,2015,aug,Diesel,6372,541915
2530,2015,aug,Elektriciteit,138,5393
2531,2015,aug,LPG,33,38601
2532,2015,sep,Alcohol,9,2495
2533,2015,sep,Benzine,31271,4697248
2534,2015,sep,CNG,49,4241
2535,2015,sep,Diesel,6059,547974
2536,2015,sep,Elektriciteit,786,6179
2537,2015,sep,LNG,1,2
2538,2015,sep,LPG,27,38628
2539,2015,sep,Waterstof,1,10
2540,2015,okt,Alcohol,6,2501
2541,2015,okt,Benzine,30945,4728193
2542,2015,okt,CNG,68,4309
2543,2015,okt,Diesel,7103,555077
2544,2015,okt,Elektriciteit,2672,8851
2545,2015,okt,LPG,33,38661
2546,2015,nov,Alcohol,2,2503
2547,2015,nov,Benzine,28129,4756322
2548,2015,nov,CNG,23,4332
2549,2015,nov,Diesel,7845,562922
2550,2015,nov,Elektriciteit,3769,12620
2551,2015,nov,LPG,35,38696
2552,2015,nov,Waterstof,2,12
2553,2015,dec,Alcohol,8,2511
2554,2015,dec,Benzine,26759,4783081
2555,2015,dec,CNG,47,4379
2556,2015,dec,Diesel,14480,577402
2557,2015,dec,Elektriciteit,12123,24743
2558,2015,dec,LPG,17,38713
2559,2015,dec,Waterstof,7,19
2560,2016,jan,Alcohol,4,2515
2561,2016,jan,Benzine,41050,4824131
2562,2016,jan,CNG,25,4404
2563,2016,jan,Diesel,4884,582286
2564,2016,jan,Elektriciteit,745,25488
2565,2016,jan,LPG,3,38716
2566,2016,feb,Alcohol,8,2523
2567,2016,feb,Benzine,30356,4854487
2568,2016,feb,CNG,19,4423
2569,2016,feb,Diesel,4376,586662
2570,2016,feb,Elektriciteit,700,26188
2571,2016,feb,LPG,8,38724
2572,2016,mrt,Alcohol,3,2526
2573,2016,mrt,Benzine,30533,4885020
2574,2016,mrt,CNG,15,4438
2575,2016,mrt,Diesel,5094,591756
2576,2016,mrt,Elektriciteit,1211,27399
2577,2016,mrt,LPG,5,38729
2578,2016,apr,Alcohol,8,2534
2579,2016,apr,Benzine,29291,4914311
2580,2016,apr,CNG,25,4463
2581,2016,apr,Diesel,5068,596824
2582,2016,apr,Elektriciteit,974,28373
2583,2016,apr,LPG,9,38738
2584,2016,mei,Alcohol,6,2540
2585,2016,mei,Benzine,30155,4944466
2586,2016,mei,CNG,7,4470
2587,2016,mei,Diesel,4792,601616
2588,2016,mei,Elektriciteit,1104,29477
2589,2016,mei,LPG,8,38746
2590,2016,jun,Alcohol,7,2547
2591,2016,jun,Benzine,38419,4982885
2592,2016,jun,CNG,34,4504
2593,2016,jun,Diesel,6295,607911
2594,2016,jun,Elektriciteit,1320,30797
2595,2016,jun,LPG,8,38754
2596,2016,jul,Alcohol,4,2551
2597,2016,jul,Benzine,32168,5015053
2598,2016,jul,CNG,18,4522
2599,2016,jul,Diesel,5802,613713
2600,2016,jul,Elektriciteit,1319,32116
2601,2016,jul,LPG,4,38758
2602,2016,aug,Alcohol,3,2554
2603,2016,aug,Benzine,28211,5043264
2604,2016,aug,CNG,78,4600
2605,2016,aug,Diesel,4806,618519
2606,2016,aug,Elektriciteit,1522,33638
2607,2016,aug,LPG,3,38761
2608,2016,sep,Alcohol,9,2563
2609,2016,sep,Benzine,33127,5076391
2610,2016,sep,CNG,51,4651
2611,2016,sep,Diesel,5468,623987
2612,2016,sep,Elektriciteit,2114,35752
2613,2016,sep,LPG,8,38769
2614,2016,okt,Alcohol,8,2571
2615,2016,okt,Benzine,30236,5106627
2616,2016,okt,CNG,27,4678
2617,2016,okt,Diesel,5536,629523
2618,2016,okt,Elektriciteit,1864,37616
2619,2016,okt,LPG,7,38776
2620,2016,nov,Alcohol,3,2574
2621,2016,nov,Benzine,31290,5137917
2622,2016,nov,CNG,74,4752
2623,2016,nov,Diesel,5723,635246
2624,2016,nov,Elektriciteit,2954,40570
2625,2016,nov,LPG,11,38787
2626,2016,dec,Alcohol,7,2581
2627,2016,dec,Benzine,26289,5164206
2628,2016,dec,CNG,92,4844
2629,2016,dec,Diesel,6018,641264
2630,2016,dec,Elektriciteit,8971,49541
2631,2016,dec,LPG,6,38793
2632,2017,jan,Alcohol,7,2588
2633,2017,jan,Benzine,49451,5213657
2634,2017,jan,CNG,62,4906
2635,2017,jan,Diesel,7636,648900
2636,2017,jan,Elektriciteit,2612,52153
2637,2017,jan,LPG,4,38797
2638,2017,feb,Alcohol,11,2599
2639,2017,feb,Benzine,34259,5247916
2640,2017,feb,CNG,20,4926
2641,2017,feb,Diesel,5577,654477
2642,2017,feb,Elektriciteit,1594,53747
2643,2017,feb,LPG,8,38805
2644,2017,mrt,Alcohol,5,2604
2645,2017,mrt,Benzine,38919,5286835
2646,2017,mrt,CNG,43,4969
2647,2017,mrt,Diesel,6734,661211
2648,2017,mrt,Elektriciteit,1829,55576
2649,2017,mrt,LPG,5,38810
2650,2017,apr,Alcohol,6,2610
2651,2017,apr,Benzine,31838,5318673
2652,2017,apr,CNG,89,5058
2653,2017,apr,Diesel,5868,667079
2654,2017,apr,Elektriciteit,1357,56933
2655,2017,apr,LPG,7,38817
2656,2017,mei,Alcohol,14,2624
2657,2017,mei,Benzine,36882,5355555
2658,2017,mei,CNG,61,5119
2659,2017,mei,Diesel,7002,674081
2660,2017,mei,Elektriciteit,2108,59041
2661,2017,mei,LPG,6,38823
2662,2017,jun,Alcohol,12,2636
2663,2017,jun,Benzine,40806,5396361
2664,2017,jun,CNG,87,5206
2665,2017,jun,Diesel,7783,681864
2666,2017,jun,Elektriciteit,2457,61498
2667,2017,jun,LPG,3,38826
2668,2017,jul,Alcohol,13,2649
2669,2017,jul,Benzine,34111,5430472
2670,2017,jul,CNG,56,5262
2671,2017,jul,Diesel,7166,689030
2672,2017,jul,Elektriciteit,1945,63443
2673,2017,jul,LPG,3,38829
2674,2017,aug,Alcohol,6,2655
2675,2017,aug,Benzine,31235,5461707
2676,2017,aug,CNG,119,5381
2677,2017,aug,Diesel,6092,695122
2678,2017,aug,Elektriciteit,2041,65484
2679,2017,aug,LNG,1,3
2680,2017,aug,LPG,5,38834
2681,2017,sep,Alcohol,9,2664
2682,2017,sep,Benzine,36322,5498029
2683,2017,sep,CNG,57,5438
2684,2017,sep,Diesel,6711,701833
2685,2017,sep,Elektriciteit,2595,68079
2686,2017,sep,LNG,1,4
2687,2017,sep,LPG,5,38839
2688,2017,okt,Alcohol,5,2669
2689,2017,okt,Benzine,37092,5535121
2690,2017,okt,CNG,47,5485
2691,2017,okt,Diesel,7202,709035
2692,2017,okt,Elektriciteit,2382,70461
2693,2017,okt,LPG,9,38848
2694,2017,nov,Alcohol,4,2673
2695,2017,nov,Benzine,39162,5574283
2696,2017,nov,CNG,80,5565
2697,2017,nov,Diesel,6762,715797
2698,2017,nov,Elektriciteit,2696,73157
2699,2017,nov,LPG,8,38856
2700,2017,dec,Alcohol,8,2681
2701,2017,dec,Benzine,22857,5597140
2702,2017,dec,CNG,12,5577
2703,2017,dec,Diesel,4744,720541
2704,2017,dec,Elektriciteit,2150,75307
2705,2017,dec,LPG,4,38860
2706,2017,dec,Waterstof,2,21
2707,2018,jan,Alcohol,16,2697
2708,2018,jan,Benzine,55384,5652524
2709,2018,jan,CNG,60,5637
2710,2018,jan,Diesel,9937,730478
2711,2018,jan,Elektriciteit,3669,78976
2712,2018,jan,LNG,1,5
2713,2018,jan,LPG,5,38865
2714,2018,feb,Alcohol,11,2708
2715,2018,feb,Benzine,37129,5689653
2716,2018,feb,CNG,30,5667
2717,2018,feb,Diesel,7127,737605
2718,2018,feb,Elektriciteit,2594,81570
2719,2018,feb,LPG,4,38869
2720,2018,mrt,Alcohol,15,2723
2721,2018,mrt,Benzine,43596,5733249
2722,2018,mrt,CNG,57,5724
2723,2018,mrt,Diesel,7917,745522
2724,2018,mrt,Elektriciteit,4203,85773
2725,2018,mrt,LPG,6,38875
2726,2018,apr,Alcohol,16,2739
2727,2018,apr,Benzine,36556,5769805
2728,2018,apr,CNG,47,5771
2729,2018,apr,Diesel,6609,752131
2730,2018,apr,Elektriciteit,2812,88585
2731,2018,apr,LNG,1,6
2732,2018,apr,LPG,5,38880
2733,2018,mei,Alcohol,10,2749
2734,2018,mei,Benzine,39319,5809124
2735,2018,mei,CNG,132,5903
2736,2018,mei,Diesel,6643,758774
2737,2018,mei,Elektriciteit,3505,92090
2738,2018,mei,LPG,11,38891
2739,2018,jun,Alcohol,18,2767
2740,2018,jun,Benzine,48560,5857684
2741,2018,jun,CNG,71,5974
2742,2018,jun,Diesel,7016,765790
2743,2018,jun,Elektriciteit,4737,96827
2744,2018,jun,LPG,7,38898
2745,2018,jul,Alcohol,16,2783
2746,2018,jul,Benzine,39894,5897578
2747,2018,jul,CNG,83,6057
2748,2018,jul,Diesel,6874,772664
2749,2018,jul,Elektriciteit,2969,99796
2750,2018,jul,LPG,9,38907
2751,2018,aug,Alcohol,21,2804
2752,2018,aug,Benzine,43522,5941100
2753,2018,aug,CNG,66,6123
2754,2018,aug,Diesel,6187,778851
2755,2018,aug,Elektriciteit,3614,103410
2756,2018,aug,LPG,5,38912
2757,2018,sep,Alcohol,17,2821
2758,2018,sep,Benzine,32501,5973601
2759,2018,sep,CNG,8,6131
2760,2018,sep,Diesel,4808,783659
2761,2018,sep,Elektriciteit,4563,107973
2762,2018,sep,LPG,6,38918
2763,2018,okt,Alcohol,20,2841
2764,2018,okt,Benzine,34689,6008290
2765,2018,okt,CNG,24,6155
2766,2018,okt,Diesel,5491,789150
2767,2018,okt,Elektriciteit,3455,111428
2768,2018,okt,LPG,10,38928
2769,2018,nov,Alcohol,18,2859
2770,2018,nov,Benzine,38332,6046622
2771,2018,nov,CNG,13,6168
2772,2018,nov,Diesel,5474,794624
2773,2018,nov,Elektriciteit,4936,116364
2774,2018,nov,LPG,9,38937
2775,2018,dec,Alcohol,24,2883
2776,2018,dec,Benzine,23198,6069820
2777,2018,dec,CNG,11,6179
2778,2018,dec,Diesel,3460,798084
2779,2018,dec,Elektriciteit,7041,123405
2780,2018,dec,LPG,7,38944
2781,2019,jan,Alcohol,15,2898
2782,2019,jan,Benzine,49652,6119472
2783,2019,jan,CNG,22,6201
2784,2019,jan,Diesel,6382,804466
2785,2019,jan,Elektriciteit,5195,128600
2786,2019,jan,LPG,11,38955
2787,2019,jan,Waterstof,1,22
2788,2019,feb,Alcohol,18,2916
2789,2019,feb,Benzine,36174,6155646
2790,2019,feb,CNG,25,6226
2791,2019,feb,Diesel,4871,809337
2792,2019,feb,Elektriciteit,3930,132530
2793,2019,feb,LPG,3,38958
2794,2019,mrt,Alcohol,22,2938
2795,2019,mrt,Benzine,41620,6197266
2796,2019,mrt,CNG,28,6254
2797,2019,mrt,Diesel,5282,814619
2798,2019,mrt,Elektriciteit,7231,139761
2799,2019,mrt,LPG,3,38961
2800,2019,apr,Alcohol,19,2957
2801,2019,apr,Benzine,37601,6234867
2802,2019,apr,CNG,26,6280
2803,2019,apr,Diesel,5117,819736
2804,2019,apr,Elektriciteit,4699,144460
2805,2019,apr,LPG,4,38965
2806,2019,mei,Alcohol,21,2978
2807,2019,mei,Benzine,41858,6276725
2808,2019,mei,CNG,18,6298
2809,2019,mei,Diesel,5216,824952
2810,2019,mei,Elektriciteit,5537,149997
2811,2019,mei,LPG,11,38976
2812,2019,jun,Alcohol,14,2992
2813,2019,jun,Benzine,43063,6319788
2814,2019,jun,CNG,23,6321
2815,2019,jun,Diesel,5283,830235
2816,2019,jun,Elektriciteit,7371,157368
2817,2019,jun,LPG,5,38981
2818,2019,jun,Waterstof,2,24
2819,2019,jul,Alcohol,29,3021
2820,2019,jul,Benzine,40025,6359813
2821,2019,jul,CNG,37,6358
2822,2019,jul,Diesel,5543,835778
2823,2019,jul,Elektriciteit,4742,162110
2824,2019,jul,LPG,8,38989
2825,2019,aug,Alcohol,12,3033
2826,2019,aug,Benzine,39076,6398889
2827,2019,aug,CNG,26,6384
2828,2019,aug,Diesel,4483,840261
2829,2019,aug,Elektriciteit,5616,167726
2830,2019,aug,LPG,7,38996
2831,2019,sep,Alcohol,17,3050
2832,2019,sep,Benzine,37845,6436734
2833,2019,sep,CNG,29,6413
2834,2019,sep,Diesel,3844,844105
2835,2019,sep,Elektriciteit,10607,178333
2836,2019,sep,LPG,8,39004
2837,2019,sep,Waterstof,1,25
2838,2019,okt,Alcohol,14,3064
2839,2019,okt,Benzine,41376,6478110
2840,2019,okt,CNG,70,6483
2841,2019,okt,Diesel,4281,848386
2842,2019,okt,Elektriciteit,5477,183810
2843,2019,okt,LPG,10,39014
2844,2019,okt,Waterstof,2,27
2845,2019,nov,Alcohol,20,3084
2846,2019,nov,Benzine,42337,6520447
2847,2019,nov,CNG,34,6517
2848,2019,nov,Diesel,4450,852836
2849,2019,nov,Elektriciteit,9962,193772
2850,2019,nov,LPG,5,39019
2851,2019,dec,Alcohol,16,3100
2852,2019,dec,Benzine,28558,6549005
2853,2019,dec,CNG,55,6572
2854,2019,dec,Diesel,4221,857057
2855,2019,dec,Elektriciteit,24753,218525
2856,2019,dec,LPG,9,39028
2857,2020,jan,Alcohol,15,3115
2858,2020,jan,Benzine,50187,6599192
2859,2020,jan,CNG,15,6587
2860,2020,jan,Diesel,4537,861594
2861,2020,jan,Elektriciteit,7365,225890
2862,2020,jan,LPG,16,39044
2863,2020,jan,Waterstof,7,34
2864,2020,feb,Alcohol,16,3131
2865,2020,feb,Benzine,36521,6635713
2866,2020,feb,CNG,14,6601
2867,2020,feb,Diesel,3412,865006
2868,2020,feb,Elektriciteit,6864,232754
2869,2020,feb,LPG,8,39052
2870,2020,feb,Waterstof,1,35
2871,2020,mrt,Alcohol,16,3147
2872,2020,mrt,Benzine,32615,6668328
2873,2020,mrt,CNG,16,6617
2874,2020,mrt,Diesel,3326,868332
2875,2020,mrt,Elektriciteit,8399,241153
2876,2020,mrt,LPG,11,39063
2877,2020,apr,Alcohol,10,3157
2878,2020,apr,Benzine,18250,6686578
2879,2020,apr,CNG,8,6625
2880,2020,apr,Diesel,1639,869971
2881,2020,apr,Elektriciteit,4075,245228
2882,2020,apr,LPG,1,39064
2883,2020,mei,Alcohol,17,3174
2884,2020,mei,Benzine,22790,6709368
2885,2020,mei,CNG,4,6629
2886,2020,mei,Diesel,2208,872179
2887,2020,mei,Elektriciteit,3797,249025
2888,2020,mei,LPG,5,39069
2889,2020,jun,Alcohol,18,3192
2890,2020,jun,Benzine,34065,6743433
2891,2020,jun,CNG,12,6641
2892,2020,jun,Diesel,3353,875532
2893,2020,jun,Elektriciteit,6153,255178
2894,2020,jun,LPG,10,39079
2895,2020,jun,Waterstof,1,36
2896,2020,jul,Alcohol,21,3213
2897,2020,jul,Benzine,43231,6786664
2898,2020,jul,CNG,16,6657
2899,2020,jul,Diesel,3949,879481
2900,2020,jul,Elektriciteit,9729,264907
2901,2020,jul,LPG,8,39087
2902,2020,jul,Waterstof,5,41
2903,2020,aug,Alcohol,15,3228
2904,2020,aug,Benzine,33090,6819754
2905,2020,aug,CNG,15,6672
2906,2020,aug,Diesel,3048,882529
2907,2020,aug,Elektriciteit,9473,274380
2908,2020,aug,LPG,10,39097
2909,2020,aug,Waterstof,2,43
2910,2020,sep,Alcohol,17,3245
2911,2020,sep,Benzine,34414,6854168
2912,2020,sep,CNG,17,6689
2913,2020,sep,Diesel,2984,885513
2914,2020,sep,Elektriciteit,13028,287408
2915,2020,sep,LPG,11,39108
2916,2020,sep,Waterstof,5,48
2917,2020,okt,Alcohol,22,3267
2918,2020,okt,Benzine,37502,6891670
2919,2020,okt,CNG,8,6697
2920,2020,okt,Diesel,3083,888596
2921,2020,okt,Elektriciteit,15017,302425
2922,2020,okt,LPG,9,39117
2923,2020,okt,Waterstof,1,49
2924,2020,nov,Alcohol,18,3285
2925,2020,nov,Benzine,35079,6926749
2926,2020,nov,CNG,13,6710
2927,2020,nov,Diesel,2659,891255
2928,2020,nov,Elektriciteit,15648,318073
2929,2020,nov,LPG,13,39130
2930,2020,nov,Waterstof,1,50
2931,2020,dec,Alcohol,16,3301
2932,2020,dec,Benzine,25822,6952571
2933,2020,dec,CNG,15,6725
2934,2020,dec,Diesel,2109,893364
2935,2020,dec,Elektriciteit,34220,352293
2936,2020,dec,LPG,10,39140
2937,2020,dec,Waterstof,1,51
2938,2021,jan,Alcohol,9,3310
2939,2021,jan,Benzine,38164,6990735
2940,2021,jan,CNG,18,6743
2941,2021,jan,Diesel,2596,895960
2942,2021,jan,Elektriciteit,12890,365183
2943,2021,jan,LPG,11,39151
2944,2021,jan,Waterstof,4,55
2945,2021,feb,Alcohol,10,3320
2946,2021,feb,Benzine,29220,7019955
2947,2021,feb,CNG,9,6752
2948,2021,feb,Diesel,2355,898315
2949,2021,feb,Elektriciteit,8461,373644
2950,2021,feb,LPG,12,39163
2951,2021,feb,Waterstof,2,57
2952,2021,mrt,Alcohol,15,3335
2953,2021,mrt,Benzine,33737,7053692
2954,2021,mrt,CNG,10,6762
2955,2021,mrt,Diesel,3149,901464
2956,2021,mrt,Elektriciteit,10393,384037
2957,2021,mrt,LPG,19,39182
2958,2021,mrt,Waterstof,15,72
2959,2021,apr,Alcohol,17,3352
2960,2021,apr,Benzine,32578,7086270
2961,2021,apr,CNG,10,6772
2962,2021,apr,Diesel,3400,904864
2963,2021,apr,Elektriciteit,10981,395018
2964,2021,apr,LPG,10,39192
2965,2021,apr,Waterstof,2,74
2966,2021,mei,Alcohol,16,3368
2967,2021,mei,Benzine,33694,7119964
2968,2021,mei,CNG,13,6785
2969,2021,mei,Diesel,3119,907983
2970,2021,mei,Elektriciteit,12000,407018
2971,2021,mei,LPG,11,39203
2972,2021,mei,Waterstof,1,75
2973,2021,jun,Alcohol,15,3383
2974,2021,jun,Benzine,39008,7158972
2975,2021,jun,CNG,28,6813
2976,2021,jun,Diesel,3303,911286
2977,2021,jun,Elektriciteit,16459,423477
2978,2021,jun,LPG,10,39213
2979,2021,jul,Alcohol,13,3396
2980,2021,jul,Benzine,37480,7196452
2981,2021,jul,CNG,13,6826
2982,2021,jul,Diesel,3307,914593
2983,2021,jul,Elektriciteit,12833,436310
2984,2021,jul,LPG,15,39228
2985,2021,jul,Waterstof,1,76
2986,2021,aug,Alcohol,11,3407
2987,2021,aug,Benzine,30195,7226647
2988,2021,aug,CNG,11,6837
2989,2021,aug,Diesel,2502,917095
2990,2021,aug,Elektriciteit,12054,448364
2991,2021,aug,LPG,13,39241
2992,2021,aug,Waterstof,1,77
2993,2021,sep,Alcohol,11,3418
2994,2021,sep,Benzine,30811,7257458
2995,2021,sep,CNG,12,6849
2996,2021,sep,Diesel,2437,919532
2997,2021,sep,Elektriciteit,14474,462838
2998,2021,sep,LPG,9,39250
2999,2021,sep,Waterstof,1,78
3000,2021,okt,Alcohol,13,3431
3001,2021,okt,Benzine,32249,7289707
3002,2021,okt,CNG,6,6855
3003,2021,okt,Diesel,2550,922082
3004,2021,okt,Elektriciteit,14379,477217
3005,2021,okt,LPG,34,39284
3006,2021,okt,Waterstof,1,79
3007,2021,nov,Alcohol,13,3444
3008,2021,nov,Benzine,29753,7319460
3009,2021,nov,CNG,3,6858
3010,2021,nov,Diesel,2395,924477
3011,2021,nov,Elektriciteit,17255,494472
3012,2021,nov,LPG,24,39308
3013,2021,nov,Waterstof,1,80
3014,2021,dec,Alcohol,11,3455
3015,2021,dec,Benzine,27158,7346618
3016,2021,dec,CNG,9,6867
3017,2021,dec,Diesel,2434,926911
3018,2021,dec,Elektriciteit,27908,522380
3019,2021,dec,LPG,15,39323
3020,2021,dec,Waterstof,1,81
3021,2022,jan,Alcohol,16,3471
3022,2022,jan,Benzine,33207,7379825
3023,2022,jan,CNG,16,6883
3024,2022,jan,Diesel,2496,929407
3025,2022,jan,Elektriciteit,16484,538864
3026,2022,jan,LPG,14,39337
3027,2022,jan,Waterstof,4,85
3028,2022,feb,Alcohol,17,3488
3029,2022,feb,Benzine,27106,7406931
3030,2022,feb,CNG,10,6893
3031,2022,feb,Diesel,2583,931990
3032,2022,feb,Elektriciteit,13638,552502
3033,2022,feb,LPG,13,39350
3034,2022,feb,Waterstof,1,86
3035,2022,mrt,Alcohol,13,3501
3036,2022,mrt,Benzine,26508,7433439
3037,2022,mrt,CNG,8,6901
3038,2022,mrt,Diesel,2803,934793
3039,2022,mrt,Elektriciteit,16948,569450
3040,2022,mrt,LPG,22,39372
3041,2022,mrt,Waterstof,1,87
3042,2022,apr,Alcohol,7,3508
3043,2022,apr,Benzine,24489,7457928
3044,2022,apr,CNG,13,6914
3045,2022,apr,Diesel,2817,937610
3046,2022,apr,Elektriciteit,15095,584545
3047,2022,apr,LPG,21,39393
3048,2022,apr,Waterstof,2,89
3049,2022,mei,Alcohol,13,3521
3050,2022,mei,Benzine,25872,7483800
3051,2022,mei,CNG,7,6921
3052,2022,mei,Diesel,2539,940149
3053,2022,mei,Elektriciteit,14912,599457
3054,2022,mei,LPG,17,39410
3055,2022,mei,Waterstof,3,92
3056,2022,jun,Alcohol,11,3532
3057,2022,jun,Benzine,30036,7513836
3058,2022,jun,CNG,11,6932
3059,2022,jun,Diesel,2532,942681
3060,2022,jun,Elektriciteit,18528,617985
3061,2022,jun,LPG,12,39422
3062,2022,jun,Waterstof,4,96
3063,2022,jul,Alcohol,11,3543
3064,2022,jul,Benzine,25779,7539615
3065,2022,jul,CNG,9,6941
3066,2022,jul,Diesel,2477,945158
3067,2022,jul,Elektriciteit,13819,631804
3068,2022,jul,LPG,25,39447
3069,2022,aug,Alcohol,10,3553
3070,2022,aug,Benzine,25091,7564706
3071,2022,aug,CNG,6,6947
3072,2022,aug,Diesel,1948,947106
3073,2022,aug,Elektriciteit,14878,646682
3074,2022,aug,LPG,26,39473
3075,2022,aug,Waterstof,2,98
3076,2022,sep,Alcohol,12,3565
3077,2022,sep,Benzine,25305,7590011
3078,2022,sep,CNG,16,6963
3079,2022,sep,Diesel,1735,948841
3080,2022,sep,Elektriciteit,16914,663596
3081,2022,sep,LPG,29,39502
3082,2022,sep,Waterstof,2,100
3083,2022,okt,Alcohol,9,3574
3084,2022,okt,Benzine,26243,7616254
3085,2022,okt,CNG,20,6983
3086,2022,okt,Diesel,1600,950441
3087,2022,okt,Elektriciteit,19500,683096
3088,2022,okt,LPG,24,39526
3089,2022,okt,Waterstof,3,103
3090,2022,nov,Alcohol,14,3588
3091,2022,nov,Benzine,26071,7642325
3092,2022,nov,CNG,13,6996
3093,2022,nov,Diesel,1552,951993
3094,2022,nov,Elektriciteit,19102,702198
3095,2022,nov,LPG,21,39547
3096,2022,nov,Waterstof,2,105
3097,2022,dec,Alcohol,9,3597
3098,2022,dec,Benzine,24689,7667014
3099,2022,dec,CNG,15,7011
3100,2022,dec,Diesel,1529,953522
3101,2022,dec,Elektriciteit,23635,725833
3102,2022,dec,LPG,16,39563
3103,2022,dec,Waterstof,2,107
3104,2023,jan,Alcohol,13,3610
3105,2023,jan,Benzine,31890,7698904
3106,2023,jan,CNG,8,7019
3107,2023,jan,Diesel,1632,955154
3108,2023,jan,Elektriciteit,20015,745848
3109,2023,jan,LPG,15,39578
3110,2023,jan,Waterstof,2,109
3111,2023,feb,Alcohol,8,3618
3112,2023,feb,Benzine,25187,7724091
3113,2023,feb,CNG,7,7026
3114,2023,feb,Diesel,1695,956849
3115,2023,feb,Elektriciteit,20655,766503
3116,2023,feb,LPG,14,39592
3117,2023,mrt,Alcohol,2,3620
3118,2023,mrt,Benzine,11391,7735482
3119,2023,mrt,CNG,6,7032
3120,2023,mrt,Diesel,930,957779
3121,2023,mrt,Elektriciteit,10564,777067
3122,2023,mrt,LPG,8,39600
3123,2023,mrt,Waterstof,1,110
